0.6447378276947349,0.014285610954081913,-0.2152819457006907,0.49878321358915984,-0.8130291424339361,0.235966636319032,0.08631164470872268,-0.3060554456959041,0.6984171470774083,-0.5002872058146031,0.07171327871976638,0.1997810884213424,-0.41714241942308034,0.9713150329215222,-0.17864103694727942,-0.025322569556792882,0.2935715155391729,-0.5537351764001692,0.871554101857702,-0.11717223572050786,-0.18407686348809107,0.3891296030761069,-0.7553004748313933,0.41332006582515557,-0.014724364852898016,-0.291673424258438,0.5397037616494494,-0.7438018529310015,0.16159784996060153,0.12877394660549035,-0.3509837471571104,0.7336339584987743,-0.4956340473050516,-0.01593745443982213,0.2255687438666061,-0.455463582154132,0.9837887000098712,-0.17911271589108424,-0.10770071197112908,0.3002186146177513,-0.6387212188981991,0.6193307906548814,-0.08028053745631923,-0.24141672374829584,0.40437136927172473,-0.9014589242022194,0.21967372478262795,0.001777646849240814,-0.3330463888022123,0.5945298979935743,-0.7013065551278956,0.06734826896246404,0.15513511188322657,-0.39411085679656616,0.8302475562356227,-0.3853747398951962,-0.0858698431522575,0.20920902977446668,-0.5947660882650337,0.8028367139651879,-0.1444828902146878,-0.13543725807522958,0.37238435511610224,-0.673769729824371,0.5461268419566838,-0.009990963533494532,-0.2376355395089834,0.4963657724639037,-0.9017016867032306,0.14822745173797625,0.05623818768594126,-0.3673596126065794,0.6410622503902611,-0.5825610744758415,0.010414838539733755,0.18271778661598326,-0.4623366375038566,0.8836094266464816,-0.2556245705470952,-0.09830252006403631,0.26074566320169923,-0.6339838303358557,0.6047063257607511,-0.16827336355961306,-0.25204179754094336,0.3300514004002088,-0.9178176476748944,0.28782457631448666,-0.0008364836976923997,-0.2893097798137868,0.5536435873198999,-0.751943999866716,0.1047961030777837,0.08984852898429543,-0.4182682523272681,0.6835775840578083,-0.5374264747209528,-0.07379990958167644,0.1769212747576343,-0.5268869836965552,0.8182293309627126,-0.22786598576883868,-0.1466530530895925,0.30948234788509166,-0.639347783712839,0.6670071813832062,-0.024801431025208216,-0.22063468316169374,0.44635409272470344,-0.8995219058053128,0.21051928464963907,0.020762055393647453,-0.3337343723183459,0.602367512288667,-0.6844709803892821,0.025513943153392865,0.13023675888645903,-0.43128160507896796,0.8546581405991417,-0.3113697648965481,-0.0547195960239886,0.24683154626633622,-0.5595269317670671,0.8506574687617796,-0.15555398352039632,-0.185345851348038,0.3291003795395722,-0.8461067249282119,0.4206311757481845,-0.043762490993213055,-0.30243325504742496,0.47333309904167786,-0.8306055094070777,0.13939261643610765,0.0517711482009914,-0.38616094390304256,0.6694369230993822,-0.5469176035963605,-0.0440692980638525,0.14919105873348337,-0.481532196144829,0.890827653082407,-0.2391697147466262,-0.11569649008996405,0.2823788948738276,-0.6324695472175066,0.7596049717563045,-0.06405072570986174,-0.1938045952239185,0.40836396017745813,-0.8464605447790414,0.29773815595756514,0.009208575265947112,-0.29983563532183455,0.5620650383194794,-0.7851166285835066,0.08119874580375828,0.11782704868414781,-0.3763538891757516,0.8196770419175594,-0.3341980942520802,-0.017028904174157856,0.22881819075733173,-0.5205090228652391,0.8586311722728411,-0.19923989482666482,-0.1344166749417064,0.3194933254133206,-0.7222214868989427,0.47025713531259083,-0.0553445812348303,-0.22879905863680716,0.4765890004131647,-0.8055850902815482,0.24763749741199234,0.044725134159589015,-0.3466647221715796,0.6279692551631628,-0.6610500444402034,-0.028742646090060758,0.11036227159962095,-0.488995293405184,0.7552014976984299,-0.3584650159274584,-0.10004947590716894,0.23174436165154394,-0.581029249248304,0.853475349434178,-0.10942108101126091,-0.1491119044279233,0.40323849083442914,-0.6949203815311776
1.418171561362147,-0.7851551647619991,0.6922420039351556,-0.3235360596658554,-1.0646908491607194,1.2180176586250338,-0.8058299572363039,0.5363461167230321,-0.0055849220751813325,-1.340024783087168,1.067112999585905,-0.8495380718443947,0.31445775167390294,0.6538530639553894,-1.1305065994103145,0.9700466092934424,-0.6709330520658165,-0.04863791767487254,1.3302940995011725,-0.8731800707907573,0.7776463468885126,-0.4702929609678358,-0.6014532932421206,1.3136429763941864,-0.7637724152477289,0.6004374570603451,-0.21786654713554793,-1.262969896127117,1.1019897755633408,-0.831932564140456,0.4493400371473947,0.1915127193448696,-1.4324397602370946,0.9333178964533257,-0.8208637739086084,0.18916574800260752,0.9132120061839004,-1.1238711384061209,0.8576400938671176,-0.6516713042821749,-0.2217065903505212,1.3433930905719618,-0.798410454629453,0.6974024691699731,-0.4282170699108389,-0.8885115787917746,1.2045577676272514,-0.7645856614901515,0.5970641372040816,-0.04991329430117341,-1.3554090292129122,1.0636060725085887,-0.8598239511191347,0.38282316405935046,0.40291224873686016,-1.2787207613824907,0.915856376654884,-0.7421112521536177,0.11424412000108998,1.2874914709054912,-0.9207227286829461,0.875024453318562,-0.4742761800174944,-0.27323907107023365,1.4662534021160927,-0.756532238696034,0.7116676428256524,-0.2686415902864342,-1.1461738833409094,1.1402111672152033,-0.8097061591261904,0.5204288100852511,0.09350018196559019,-1.3647527926459182,1.0267869563824445,-0.8391594509621554,0.29721373775937693,0.778038169698053,-1.1504569732869845,0.9229158370027691,-0.6713125446066915,-0.07357084881325995,1.2530897789518844,-0.8658684807508679,0.7117946367432881,-0.5186522006288998,-0.6898342109773998,1.266581408665765,-0.7484521533475235,0.6122892322783159,-0.1928651916315811,-1.2463469824598843,1.1381109314977615,-0.8200194405430663,0.368506434526275,0.17608719041839513,-1.444939324432421,0.873343334327566,-0.8468908347056537,0.09014153861154942,0.9416401166440267,-1.050432740506644,0.792025035564498,-0.6506216687599559,-0.27758982245869773,1.387109816354455,-0.7497333023767444,0.7168338461228473,-0.3883070710990811,-1.010340074924792,1.159034345151279,-0.7455943183769368,0.5361305821095804,-0.04055747672539151,-1.3898700303228406,1.0336369391935332,-0.8436707496543686,0.33413088420165477,0.41501138091177847,-1.197257846626764,0.9447533200505359,-0.7003575308266041,0.035863653939768717,1.2999148074642846,-0.8574771982025559,0.8123615866255687,-0.5088071382787389,-0.4251802453289963,1.4542695516016129,-0.7119165868895908,0.6605157407174469,-0.2515356521085357,-1.1758007537678263,1.0970806926549739,-0.7666515703207524,0.4551477267697286,0.13418760459019405,-1.3700500327492255,0.9239757145617793,-0.8645105213851549,0.28367605278091695,0.8346364047658904,-1.1369589343297801,0.9015008388889159,-0.5927968835435751,0.004006976124419029,1.5083034532086759,-0.7921594964892493,0.7761368860863087,-0.42523340336866794,-0.7023946144733118,1.2438381880377614,-0.7504988841747138,0.5302809997972522,-0.1914941482928445,-1.40656796478823,1.068639970208369,-0.8079745678393545,0.4278402204830666,0.38645725151005245,-1.2147116766067005,0.9955678854989443,-0.7336845784455586,0.16862625722578742,1.0983188504879988,-1.0006806482384216,0.8144940608580239,-0.6148781756250948,-0.3364027193855644,1.198196515664164,-0.7598749469344616,0.6810423043253043,-0.3407973903369378,-0.9691029660374486,1.2494235764947748,-0.7428969286422479,0.531849428310837,-0.05070189435746188,-1.3709288465471023,0.9715919658632315,-0.8504100509479057,0.21999271479273905,0.49293087948248476,-1.2197739174404043,0.8858581415317651,-0.693098831432131,0.01097868244539291,1.4013258967092455,-0.8176461684207337,0.8418740239063494,-0.46650303803268606,-0.4971500181475498
0.4987752792585851,-0.31362623370620063,0.20340303435334692,-0.007601706846017273,-0.33348478788368696,0.33497764208493597,-0.33226164113534806,0.12146729845854662,0.08377383112772027,-0.4376454913809638,0.28763707055481547,-0.25563770358514754,0.04572501069356138,0.30902368387148665,-0.3541946855931567,0.27571591380279065,-0.16381518209776122,-0.007904267777671198,0.5145256874021504,-0.354210321775788,0.22342008573077018,-0.07837133838025369,-0.1599787721598597,0.4177190377009002,-0.3537503727525818,0.14040737516098953,0.0076472947836974045,-0.39898128692761153,0.3234517979401578,-0.30022078460810847,0.10334147181170966,0.15426774871597537,-0.4465783427427319,0.27031979175672516,-0.22094754038709868,0.040843955223180774,0.4252245803014739,-0.3465382591215971,0.2661988959239664,-0.1357842972548423,-0.07816446301660235,0.4450527680941942,-0.3633133811891823,0.1813434718204899,-0.05415559723461463,-0.27258786140918606,0.3461279722589748,-0.3466411356019675,0.13085679675336273,0.07064580629818414,-0.40347315194221056,0.31129176852235624,-0.258394127342954,0.10254762364093314,0.27520284649585064,-0.4066765824343865,0.26425580214657624,-0.20034728495288098,-0.019092128120598986,0.4098183606480506,-0.35994475368047457,0.24254469357878183,-0.09747819387224763,-0.10114795152948262,0.46363273656308135,-0.33299778457512325,0.18386399407264425,0.00034192820146762006,-0.3622465089985997,0.3299486065128993,-0.32124477216086333,0.11258888839450625,0.10600159905291144,-0.4507879556480535,0.27430579972768676,-0.24660009574443115,0.04672372038533189,0.32936032766723233,-0.3715779839911385,0.2646606309416356,-0.1697729748119172,-0.058733030565207525,0.40477252319172696,-0.3901928840620661,0.19198077344608022,-0.09388314170675992,-0.2457769200964593,0.3430028138430153,-0.34693997845502555,0.15438168422821893,0.026575575807453154,-0.4128706899656547,0.3108530190090404,-0.30873186127625507,0.0675146825299964,0.14764377602562567,-0.4568600073261322,0.25869932203540774,-0.22366901413823012,0.019895214533395985,0.38724089481412316,-0.3810262018202788,0.24581786429255104,-0.13428226453273737,-0.06898486669901045,0.4993823399884735,-0.3176945212276654,0.21514170349791714,-0.01918012559948859,-0.2881113175599103,0.34602143614987335,-0.3403400219591585,0.12027409073833499,0.05947805478204068,-0.4462603064588395,0.2811841253621287,-0.2733120516831884,0.08906081999004621,0.3206810416685129,-0.3478105512372237,0.30747841795297787,-0.16620729740316487,0.009977106735123654,0.5221910182953253,-0.3417976098160626,0.24127565493479375,-0.1025024864546722,-0.18487520287123516,0.40944807121808574,-0.3578109389445081,0.159389222513279,-0.0024781837646161717,-0.3335243575275996,0.3490895541183425,-0.3051923487870572,0.1295565180630347,0.15091414579360624,-0.430960455838715,0.26367601599355367,-0.23729173254207775,0.05698195243411192,0.319852065350063,-0.3958383780649736,0.24304027783999207,-0.16624660586088655,-0.07191467675930967,0.4863011559047964,-0.33019317370868406,0.2162161218754049,-0.07385524519078457,-0.28425203626887624,0.3172052348069519,-0.3661762870459087,0.13648892112326844,0.03414786803739936,-0.4536759159409878,0.28139495878294984,-0.3064986922224575,0.09373870102146992,0.21782135994202956,-0.37738784275365167,0.27287780591272687,-0.21497897448452968,0.015260865463216321,0.41920376221171857,-0.3812445046337218,0.23522146492095206,-0.13924005133004624,-0.10002079844426928,0.41892807644164637,-0.3472338572830129,0.1947226030951549,-0.02702648550060813,-0.30724489750166195,0.369460361810489,-0.3329963414837043,0.12480977719286587,0.06955387073303478,-0.47894336836527424,0.236504450111129,-0.2926364533595238,0.04317281395301604,0.25178272716312594,-0.4155546549326392,0.24925696498481012,-0.19581776068944734,-0.036112857575696614,0.4627442043964882,-0.35098622710441435,0.2286215321884812,-0.09197691861900445,-0.15064326577292877
-0.7125460997172753,1.7625953447630818,-1.931815732018492,1.8684253797574157,-1.1875493201611969,-1.378143015818148,1.763660067543721,-1.9963902881106366,1.8637035908720032,0.28527375356940965,-1.6099836394312161,1.7916053927700457,-2.0439192126485595,1.505891796755297,1.1915893894965153,-1.8186055779568917,1.7778018559567277,-2.038767669795281,0.17202749911630136,1.74591120581247,-1.90225429862732,1.8360450168835427,-1.7820631867424093,-1.0691334563007238,1.7450200432099312,-1.9595657408984664,1.8800955579919771,-0.6275702014691846,-1.503039273246862,1.8115208852391134,-1.9605238022583928,1.8468447472957232,0.7323410088355995,-1.584594260465154,1.8279860542932076,-1.9900236689874324,1.1249420876618128,1.5766811303250077,-1.7876052128977804,1.8411604127428085,-1.919463475713768,-0.4622709576083511,1.800745194184447,-1.8828925175774431,1.891998332034773,-1.4988864338556012,-1.2187433402608165,1.7952258014166853,-1.9398104023490055,1.9250639718810296,-0.026468844112229675,-1.5452858578991142,1.840322244185981,-1.9803511493773958,1.7274879719801515,1.007233216104372,-1.6155759654373667,1.8424046497310647,-1.9937384693513254,0.6378911874434879,1.7735124479584317,-1.8544268907965609,1.8341789519687464,-1.9225725441908825,-0.811853046830306,1.769018543172822,-1.9347844551471771,1.8722848551698152,-1.075458785139928,-1.3771613004021133,1.8209514865142749,-1.9483208299591055,1.878702542035065,0.44797229071583594,-1.59818781926274,1.8065030100160095,-2.0083717985006513,1.4491697317273478,1.3794356836739592,-1.747785483850405,1.8656722865449769,-1.9168844234751587,0.0067734582646047274,1.8608388766463588,-1.8121983996241728,1.9456759545716484,-1.6817322975045583,-1.0206879136477593,1.8043622546189784,-1.931641590222223,1.9605255168823066,-0.42234201147127093,-1.524467648868868,1.8506184552476643,-1.968416122527941,1.8707158795033967,0.8048412745172826,-1.57963777584751,1.8869364933533261,-1.9574438808016528,0.9948016858605924,1.7771404789045617,-1.7764051676425605,1.8751322836897324,-1.93322662323495,-0.4892621327273979,1.8175905879902485,-1.886106117218761,1.9141765348289657,-1.3867397183133676,-1.2847175001659894,1.8199649822912534,-1.9414584591425919,1.9062014060934012,0.13726351495216724,-1.5540000650827837,1.834028578240981,-2.0069785672282543,1.6514126131360112,1.0758932737277898,-1.7802018942349709,1.7736751361700338,-2.037217334698888,0.3844470229384252,1.7489976723171956,-1.885812525420701,1.8331942038392306,-1.8764342272307697,-0.9469027496467682,1.7291691807318283,-1.9781459109428103,1.8784632935790149,-0.8897818370117775,-1.5003509632749759,1.7824339145810815,-1.9895590130571752,1.866027947651173,0.562024696790138,-1.5954776807433586,1.8459447765286294,-1.9832649506871334,1.3675469533160782,1.4964079597445705,-1.793683839649781,1.8219476767602591,-2.009182186175787,-0.07762854863387908,1.8087376040209833,-1.8574011965014596,1.9011039576825643,-1.6370662598714611,-1.1324432368440485,1.8170685723306215,-1.9153364720421064,1.940397166374507,-0.3353042328543738,-1.5377793243757898,1.8195809816207777,-1.9956549721943946,1.777703356946241,0.9266639184550901,-1.627714035573785,1.8230959053841456,-1.9815161759718372,0.9105635025527918,1.7666167145097864,-1.7744544337712167,1.8939400405676903,-1.883753339800134,-0.5734337283966098,1.83846084074445,-1.876152280821818,1.9127280998601193,-1.2318995520737168,-1.3538009336129038,1.7517503831114305,-1.997611260779413,1.9007753232992117,0.12976505814444192,-1.6491941894352125,1.7997446077508188,-2.0009335759477427,1.547293968820411,1.177990920777192,-1.7649460177765792,1.818206146710463,-2.0150787656048164,0.3118268838263751,1.7709439766456716,-1.8586943107874276,1.8600750177013696,-1.8128949976832562
0.592728183999095,-0.5568621083529419,0.3952070269984229,-0.2167413488535158,-0.3632086115128346,0.5007635122045893,-0.5636990601330734,0.3095456960717801,-0.10822673318662236,-0.5815521326474317,0.479370230109589,-0.46193242284827546,0.2191879505236816,0.16306415791004633,-0.5787665608089865,0.46831580369413683,-0.35643591999999225,0.12709868616733896,0.539434646550212,-0.5661080047645989,0.4362916263674888,-0.26615088319855845,-0.0713494175486483,0.602475856482167,-0.5483911866996944,0.372310881143095,-0.1768640304229579,-0.4609715010405806,0.5252570368766936,-0.5064101536597148,0.29978458250463363,-0.015403784148987118,-0.6079874351735906,0.4751417868801167,-0.41683855541453035,0.22244307330568405,0.37279617917361,-0.5650612084029806,0.4761869585397977,-0.3074977728211035,0.09383860335766246,0.5959739422704593,-0.5654796981412273,0.41021709493876357,-0.22998172724832378,-0.14866326962350004,0.5406729683764313,-0.5583786269782122,0.33362242752599824,-0.12663272195531006,-0.5278845735261041,0.5086811651128036,-0.46552862999649713,0.2771873980657828,0.10819824356529965,-0.5624463060022157,0.4939509863061756,-0.37207352919820724,0.16503888119030477,0.45258201567219525,-0.560978367360606,0.4593948969181351,-0.2813374521720367,0.017640608861478186,0.6159295465205007,-0.5406450266733129,0.405392849464752,-0.17746073656172176,-0.3238583128323528,0.5448071483350142,-0.528352400234162,0.31961029351129133,-0.05151625624733633,-0.57749287759785,0.48071556144895716,-0.43501095868987255,0.24244710313637788,0.24264108088816624,-0.5437512342565359,0.49305057977359446,-0.31840440936423725,0.17753069076916583,0.625260268080931,-0.5428210774878035,0.45582027214851456,-0.22490228168863793,-0.0365085416353263,0.5676570666377382,-0.5444839685021348,0.38258724330547317,-0.13339059111072132,-0.4564387688914893,0.49771835943689563,-0.5057828407309094,0.29749497561026284,0.04734331474585962,-0.5678289152473002,0.49448603676386915,-0.3847839383742268,0.23443128536667543,0.4195175618384669,-0.568460032652461,0.48307429457441164,-0.2824557978102408,0.11321439845818473,0.6362189452086633,-0.5255541336294092,0.4451144520880312,-0.1833330495981309,-0.17538249035216413,0.5640031581285111,-0.5335059803684107,0.33545121104419034,-0.11698911877601385,-0.5921412618115912,0.48408252618970193,-0.46998746477669884,0.2711375226261357,0.18760788452176297,-0.5362973771372697,0.5180211387725507,-0.3461242174422525,0.17823966356531643,0.5645737860974485,-0.5561181646990153,0.4496956853410451,-0.29568884920875677,-0.09534979489677506,0.5372549801335019,-0.5869381229089736,0.3664912828269169,-0.21064561999236978,-0.41834376042766924,0.5458155472016761,-0.5111328278186237,0.31730619315667585,-0.06009760477251602,-0.6253111682775855,0.4733486475491491,-0.42581992340820507,0.2235327200358462,0.18028025501548994,-0.6113966807866715,0.4620094738491862,-0.3364394545523099,0.0875207942965206,0.5555894472474322,-0.5438192189251303,0.4484142340678532,-0.23678937942783584,-0.09802046782488413,0.5637882335658507,-0.5408683766499109,0.3799506904338134,-0.10208882106765355,-0.4615673614800955,0.5251120876271828,-0.4837956364124552,0.2994042092327542,0.06808431829111262,-0.5612925783087305,0.4913461862933881,-0.38670303683130075,0.2221023477745786,0.49111006567626575,-0.5518738263278378,0.4848568419424267,-0.27294123651152996,0.14587074000615843,0.6755733707963678,-0.5122902931435924,0.44226371227987066,-0.17995684247965957,-0.23132588375785104,0.5941821505067447,-0.5138123014265387,0.35818965437826633,-0.07332426600814937,-0.5126668268976685,0.5098990680386349,-0.4320798527566194,0.2985793373881715,0.2887470424821519,-0.5098766672020684,0.5122179935214687,-0.337389911015333,0.17916275394928408,0.592987919409051,-0.5413102816020504,0.46338813024489217,-0.25393415944654246,0.01770671297511813
0.5876949926737108,-0.5352780375651766,0.38251960336042184,-0.1873728033801223,-0.23044219930264168,0.5652357950288989,-0.49419145244728774,0.34036526542857054,-0.05992470442829717,-0.5222964568318272,0.46682693929759467,-0.44979743936220923,0.22368180906850335,0.14117022901583048,-0.5388680042985599,0.46022337134576097,-0.36554162760991576,0.13990069042074513,0.5643436056982741,-0.4915846671032797,0.4530172474175166,-0.26615088319855845,-0.07469392149624124,0.5350249543874188,-0.5531774362229841,0.3609800909485296,-0.1534340208729064,-0.40673006369173254,0.48018378554061447,-0.5132076053866909,0.3183779633521121,0.05908615710880128,-0.5019638156356736,0.4685611605307707,-0.43412305674048024,0.19391965161733274,0.26188994601851306,-0.5748458180722964,0.42859973571678567,-0.3694639400906674,0.01464294689756931,0.47379965841348265,-0.5558108742869988,0.39491026027161796,-0.23860065519017226,-0.1930541681735966,0.5370252496992288,-0.5141349720637728,0.3628083895311504,-0.08608102448098068,-0.4656788627341576,0.4891284418656365,-0.46552862999649713,0.27803929940444055,0.09346254330672166,-0.5278308118760314,0.4708219573456604,-0.3713550093478084,0.22429943591105544,0.5258911385707288,-0.508074784813203,0.447347663399282,-0.29646990141481766,0.0039342365086750325,0.5683367934088072,-0.5249890838167034,0.405392849464752,-0.14828286336981372,-0.24910235187702937,0.5373245125501646,-0.5033431772215373,0.33201607059694127,-0.009011438150444067,-0.5048487223466331,0.4537168162449092,-0.4659333522267199,0.2083301832072965,0.2087074625833143,-0.5425799876560911,0.4707498776990932,-0.3367087732253604,0.14899642490752654,0.5467815792220615,-0.5250300610762147,0.4315098576339271,-0.24826875251343158,-0.0365085416353263,0.5532056234755046,-0.5428779198025646,0.3481693557069365,-0.1744075569871763,-0.4488617116869965,0.4997385252793588,-0.4998115989292533,0.30475751118121863,0.03536714026469357,-0.5419868407999047,0.4761026657850399,-0.4118805392684625,0.23727910931578972,0.4157203068944264,-0.5116943581718574,0.4631181462329466,-0.34066682874068854,0.08284785426531888,0.5506960669460447,-0.5453093860477568,0.40263540935482534,-0.23197095300513598,-0.19831038741136678,0.5439724052980418,-0.5201026281522586,0.3766553404644606,-0.029317529365005875,-0.41302160777087055,0.5204768581767106,-0.4517767783791516,0.2909847461362307,-0.009475145682917194,-0.5023697484752615,0.47768728420941414,-0.3860279701357466,0.17716105743178953,0.5052379111744758,-0.5158745670572381,0.468506157399371,-0.26732418483613324,0.0664241879342668,0.6618667163260323,-0.5036191469218951,0.41788887443760087,-0.15674512311196925,-0.31577145924618955,0.5187927459539654,-0.5157092829082139,0.3236437349319885,-0.013777952209220927,-0.527319212426054,0.4581304726781784,-0.4374216582307359,0.2753485144008302,0.35429186270534707,-0.49361740197997067,0.47753920406260425,-0.33216683073578884,0.1583810036546674,0.5690621705640562,-0.5251269399686913,0.4212264804250664,-0.259830570128025,-0.12613089325039242,0.5313431021502062,-0.552243675507846,0.35135126572564696,-0.14572713554661582,-0.4931331436365258,0.46805133127079485,-0.5127269369288144,0.293528051855289,0.04773171068807541,-0.5362146598239472,0.46642583872144955,-0.4199171558860261,0.1817430341528494,0.3413052667917922,-0.5653173486431315,0.4411521320187859,-0.32672906963051773,0.07115231672011686,0.5713598270280872,-0.5175026016444527,0.41816679014684516,-0.20192959491917845,-0.2293792423798047,0.5291311064104602,-0.5490560902289554,0.3228290669259329,-0.14119138096021186,-0.5565073229897809,0.4519611357626071,-0.483184763530424,0.243910382539175,0.1778540965250745,-0.534698249378234,0.4839594949324545,-0.3587324462403409,0.18476888966608046,0.5288997421806471,-0.517519774789846,0.4528537316141557,-0.28352250152080416,-0.01825153491281416
1.0574595163762606,-0.6822157502357334,0.9400199243949425,-0.7400354318339799,-0.6089255535137887,1.0648959869172983,-0.7134077536101495,0.7955465974673203,-0.5296619341030097,-1.0843788674255608,1.0375466712433463,-0.8238404597562544,0.6020646985424959,-0.08141804807536603,-1.0256303937257647,1.002416338686946,-0.9910336965069786,0.3552071255916665,0.7366305731390342,-0.7564567708392936,0.9669499669547372,-0.8692270976772635,-0.14660075636948822,1.096627030524127,-0.6632611752586459,0.8852179839504224,-0.6864667381365772,-0.8542219218197273,1.0815019340469412,-0.7458315089320932,0.7298575655854386,-0.40302736736081207,-1.141270417028487,0.9843177506607564,-0.9000844049858786,0.5409546154922736,0.27600528478370695,-1.0042814646700402,0.9830286492420381,-0.9271594455167418,0.29430260877227327,1.00202376803041,-0.713149007914895,0.9605342460670968,-0.7841787939091814,-0.32807648459680666,1.068376270345032,-0.698220179118493,0.8121185940841494,-0.6275009853544591,-1.0651157121838268,1.0496398416177553,-0.7962040681612605,0.6630987044777678,-0.19961416183610792,-1.0497259540861945,0.971685067249231,-0.9849709615884309,0.4708656725170358,0.5218184095208098,-0.8370388799261451,0.9924849801273785,-0.8972281363532232,0.05114507461277483,1.0252272232810655,-0.6733085424582678,0.8975139980203736,-0.7291049015962324,-0.6531886273112096,1.0750053410900842,-0.7307707989925938,0.7793994067481955,-0.4803148623424553,-1.1197899435429783,1.0337543744996178,-0.8377212000999765,0.5907988118859461,0.042809773092926606,-1.0403597928451656,0.9705932000585988,-0.9700397628202213,0.41037030020014253,0.8849873573995697,-0.774104290838461,0.9970845011938881,-0.8073950186781343,-0.07734139596920586,1.0471822261118544,-0.6842102053647239,0.8681787444239583,-0.6768653889737501,-0.9281105798711783,1.0371026393745966,-0.7610534277517116,0.7267915226934267,-0.33739129046160105,-1.1029118685110133,0.9628623582244732,-0.9442921298119604,0.5495904690686612,0.34736971790169874,-0.9925960155641418,0.9768041868743583,-0.9189972009717605,0.21883716086815297,0.9372594766930813,-0.7136584936128054,0.9277642652118692,-0.7695934924504249,-0.4218573837385921,1.0789113338294012,-0.7172107489780262,0.8100617388110062,-0.5868189184401336,-1.1331934126768597,1.0263580727961314,-0.8174473612419008,0.6646303017828031,-0.12233465870611002,-1.0590341743000635,0.9899272371612485,-0.9796837996810633,0.48240659321989565,0.7658919331575333,-0.8265925767565407,1.0027235638558272,-0.8790810002240678,-0.029383704810330768,1.0149333022048699,-0.6798708268945607,0.8774438111919511,-0.7347814862086779,-0.777346814562848,1.1003234288046992,-0.7384300972682786,0.7744013937011098,-0.48469441993605467,-1.1446685342907028,1.012748401309108,-0.8819131236189516,0.5510825629859236,-0.000981836328111311,-1.091402798187566,0.9814789494880187,-0.9951356262659774,0.2267104912500232,0.7653789960348577,-0.7378628766634023,0.946611449468106,-0.8342145382970239,-0.27371062673431074,1.0271047101812554,-0.6968724752730199,0.835341530017694,-0.6406494826860658,-0.9883213512155276,1.0280204487343303,-0.7679158440474724,0.6570103582042122,-0.3869418374053628,-1.1464440096203454,0.9955678854989443,-0.9244890921641932,0.48040195495364574,0.42719335148555726,-0.9169171630431281,0.984868353780692,-0.9260792100992382,0.21107954578306742,0.9695488897845034,-0.7008021172580435,0.8971843937609263,-0.8013462814692536,-0.673213476574391,1.01523981774815,-0.6862003988296644,0.7534424430121266,-0.6007827208110208,-1.0623592009756948,1.04220382082464,-0.8000352103280124,0.6624695681018044,-0.021049124001112033,-1.038576367554396,0.9722035538870858,-0.9990085029905773,0.3877110026141091,0.6984233077525551,-0.764575037839662,0.9607622370246597,-0.8760679835869408,-0.03949959048295608
-0.11191860155472977,0.2508802330507415,-0.2996159969415219,0.440046122642373,0.0014036250047098824,-0.2141880526864157,0.3047641260069055,-0.2894602929653246,0.34339723570371816,0.13798107368490747,-0.31892063513949215,0.3239862135140215,-0.34613945441489646,0.12657427641968624,0.14966708519565985,-0.35063834996150384,0.4637782039400533,-0.3221352812703673,-0.11027403789506535,0.20965300414359048,-0.3140805543769444,0.4093879772058825,-0.2586416386138499,-0.296380730128282,0.1831072821097411,-0.3377519710496707,0.3219999229135546,-0.08709302217173617,-0.3352323068120876,0.2488622604487337,-0.30571290683281516,0.29772985780504935,0.23703663696443483,-0.277517351826322,0.4048954451233358,-0.3299605267253862,0.04612691060768795,0.21118449202939696,-0.304092425208957,0.45401416229883745,-0.2984273825462364,-0.18917549957510968,0.214179098104268,-0.3011862686390551,0.43453761706819444,-0.12091895802968976,-0.23142748496472432,0.27277003320018073,-0.2938757555847713,0.349027729500337,0.060242146688665815,-0.30601563685248556,0.3082666906306675,-0.34129297379978235,0.18842594497311332,0.17912408739334768,-0.30998215825242204,0.4973354897844076,-0.2825899517896509,0.008654549231076794,0.20083322132199724,-0.3251811859971638,0.4087022332987767,-0.31435818812864313,-0.2740549366681689,0.183648329692992,-0.330558717106344,0.3659771516375648,-0.10767215547506624,-0.27507594409066805,0.245370436718916,-0.3324683645531887,0.2647695960618914,0.05603173215113213,-0.37105130337552533,0.2805188452441513,-0.3797377787281858,0.06166178326228882,0.16368171241217241,-0.3136196435419772,0.50016674250519,-0.27331070984473504,-0.08478501207074249,0.2530928146096012,-0.26562702918144815,0.46607764127311413,-0.12327835709482046,-0.20089695608105085,0.2248133585918914,-0.3259723122557064,0.3075417920611699,-0.028335036837635327,-0.2941866508087181,0.3025740181682973,-0.27624533449524397,0.30782510971122207,0.2241546604640485,-0.2672249433589225,0.48743367419428235,-0.23830749018630318,0.1726959904758388,0.28409613501849335,-0.26565082653314254,0.47731155394430475,-0.2538247009164549,-0.20361571933025177,0.18134033334015756,-0.3202407143981762,0.3595006937836228,-0.18111446461696473,-0.28671469737730737,0.22260077111923335,-0.30473887383741505,0.3460967124718745,0.12433735435129045,-0.27928858723780475,0.3414807210980072,-0.3018431908826958,0.2246662320816174,0.1849788766402395,-0.317696327775639,0.4659521531621901,-0.2952684290529824,0.009359527889635143,0.26092045719101814,-0.268111928404672,0.5077211038320393,-0.09692041608930947,-0.08101094174482401,0.28871226895522445,-0.24423304101767995,0.47890901251206414,0.027451240861069332,-0.24325024923147553,0.3103408607628469,-0.28555246821995217,0.3490593262032576,0.23048524615912308,-0.26050556289543475,0.46098768208900165,-0.24836112150240094,0.26003557520667464,0.35417118037392376,-0.25701703503206813,0.5622357548559588,-0.21110437371281227,-0.04105972820304363,0.23057519498448717,-0.29226835165995674,0.4618524385886113,-0.12964469642858087,-0.19542784156023263,0.26434027822248995,-0.2719695291959287,0.3928335260717965,0.029675123329352744,-0.3095223655179487,0.27435280275983603,-0.3167528643471753,0.2250901483716857,0.15900096928199528,-0.3409934226093588,0.3963021527992444,-0.31770347191604975,0.0716566287997397,0.2526692783874485,-0.27071610927984097,0.5169715127216041,-0.17745625530434872,-0.07103112187191274,0.26781854581851494,-0.28429500051892626,0.4344013157292885,-0.10284755280678669,-0.2822328254086526,0.2140485542755481,-0.3160188797128907,0.26958326217069256,0.043770238886836677,-0.31119006593569604,0.32573296700351173,-0.30875858288739877,0.18313471299922102,0.20374382036269248,-0.29236425797129223,0.4864319486699713,-0.3096922805553596,-0.08510634287857924,0.17057488377853047,-0.32368193888012636,0.40713169373893726,-0.27813159919377983
0.4970975488167904,-0.8474169074190148,1.0116665519977726,-0.9242563079852659,0.32242092019950475,0.7517448989135086,-0.8661717265459417,0.987576221921168,-0.8327571645615003,-0.3580735838571524,0.8646284479065642,-0.9680326164730426,0.9301163723144847,-0.6269417763562493,-0.7018821066125888,0.9562894743012036,-1.0253552098059218,0.8498300172005399,0.05786143635435166,-0.848937539262376,0.983675588004765,-0.9798689871552687,0.6460466792100255,0.6684604346183337,-0.8236005342888495,1.0211874662852072,-0.9051468272703909,0.04463618281832287,0.8274526992435867,-0.8991518089961082,0.9473192807146423,-0.8113426009220227,-0.5573492885286154,0.883140620539563,-1.0455622911459566,0.8718263070771489,-0.44186051527473885,-0.7922815885015337,0.9830286492420381,-0.966728202929837,0.887032600090783,0.48278306163826035,-0.881913933370515,1.0370684194028252,-0.9186340698020178,0.6041323849552191,0.7571042765571016,-0.8633438197813104,0.9795538497979165,-0.9102668758511342,-0.2771767088191672,0.8326977217801416,-0.950075412989607,0.92974382347766,-0.6777057702255284,-0.5784226879066086,0.971685067249231,-1.0352673511163508,0.897330021668152,-0.15629097729062338,-0.8408864132023197,0.9653787047099592,-1.001642036128412,0.7166655988544401,0.47949698760031256,-0.8389319379413475,0.9651620713112523,-0.9324382054023413,0.29843455133628516,0.7992167650199067,-0.8870784428214984,0.9825440065257149,-0.816602981991397,-0.4305151681360858,0.8674072669520965,-0.9822654117489604,0.9104204828004983,-0.5793065624960263,-0.739349416530831,0.9575203747045811,-1.0059163159880227,0.9114320087305285,0.31508259306730535,-0.834968294351792,1.040700244881824,-0.9100405869441917,0.781849913972844,0.6701309363335769,-0.8520422944697882,1.0006127901835455,-0.9209163359386574,-0.10410560888256526,0.7765012456968308,-0.9148129041443582,0.9737177321059235,-0.7281139829096448,-0.4948630579840664,0.9460775412438033,-1.0475521494359403,0.9188583078038192,-0.309555387417296,-0.8094463865795524,0.9768041868743583,-0.9930839676105124,0.7601538182192401,0.3249156683327316,-0.8905968413597446,0.9812292672726283,-0.9294037465020132,0.5143650795121804,0.7678455251679941,-0.8804162730217615,0.9817456113954651,-0.8835535287543145,-0.36131696536736396,0.8225498136688825,-0.9675034171576901,0.8976194473360931,-0.7135837493201503,-0.6983960474113092,0.9447533200505359,-1.0321887374356609,0.8879624994260011,0.007240389499529106,-0.8303361672348454,0.9982090505618287,-0.9841069196578358,0.6695427258674714,0.48453463020589255,-0.8320881868709538,0.970412984252453,-0.9466661980833558,0.12213336502858894,0.8128008235290575,-0.8810629475605115,0.9851246577302597,-0.8295185001294738,-0.4505588470090211,0.9239757145617793,-1.0218590499157307,0.8823335341049287,-0.6100224632426116,-0.7836210979096776,0.9434311104651448,-1.0499676319113316,0.7543659787919377,0.10906490303933437,-0.8927417594453256,0.9929041110760943,-0.9436601941229221,0.6644748218420273,0.723418280130822,-0.8561266592841105,1.010604671177996,-0.8641628007490433,-0.03148357959873104,0.83942981331915,-0.9214742852496879,0.9247952444058435,-0.8172541124410074,-0.6602110345542653,0.8884103909396088,-1.0580522517672377,0.9354532160386428,-0.34579941075832654,-0.7566290123607767,0.984868353780692,-0.9568151147386598,0.9270178925420475,0.5495838626585956,-0.8971324041237857,1.011097116571592,-0.9340617062039477,0.333200115875614,0.7219187461867215,-0.8647178508071237,1.0041097185075567,-0.8353409952944648,-0.21252804595935992,0.9471494006842819,-0.9818226786519747,1.0058589407470635,-0.49630460667430093,-0.6240559452124304,0.9722035538870858,-1.0210624560564185,0.8832933999789085,-0.00861400231564552,-0.8743773769729135,0.9795736631509746,-0.9788485402659554,0.7630231237431707
0.18168422575936388,-0.9096786500760304,0.910913481931293,-0.9598545449227125,0.6612725095717882,0.6032283902646526,-0.9715788678716384,0.9883664672892908,-0.9245310192023181,-0.07364633994225109,0.7078373127566324,-1.0122896150692846,0.9633709255461657,-0.8623015119690717,-0.5445677980857636,0.8357122323104028,-0.9763244765217176,0.9685395111866696,-0.19537964831760954,-0.7142568085491487,0.9509846014069836,-0.9323397247738722,0.9219682548864384,0.41038741790799277,-0.9049667761847736,0.9683104453772353,-0.9236955848308483,0.36233603014728877,0.6266718523828714,-1.0230164849098937,0.9836976345466653,-0.8154809309918998,-0.15699144161677916,0.8066408392284171,-0.9915482245023632,0.9611996950339831,-0.6757718433836707,-0.6422509069053598,0.890120261825681,-0.9532897570159554,0.9340550211139632,0.10368344555264251,-0.7931365507089647,0.9758410807342426,-0.882434572446254,0.9259663994434185,0.574718342696986,-0.9415602811479085,0.9887704693784908,-0.9365706796182667,0.05458708207121616,0.6641718690307501,-1.0447654713455123,0.9322995274936335,-0.9069277742478532,-0.41200204306918414,0.8440766316050091,-0.954793127871679,1.020084027875421,-0.3436365135868753,-0.7042989818981157,0.9021307287359813,-0.9751602499535452,0.9039860210094168,0.21932327058972098,-0.9048516973375982,0.9376568107424332,-0.9233201200298702,0.6681734933585601,0.6388745696302687,-0.9832076437762745,0.9980512278827776,-0.866608650340682,-0.10446116898527666,0.7289298318732693,-1.024693812183239,0.9328658248591045,-0.8545459109687147,-0.5929435914752208,0.8637036280463355,-0.9422171297513141,1.0130139951979644,-0.006306323211873522,-0.7207312416036941,0.9877893427030163,-0.8724873302614877,1.0727840011017362,0.49277231570616403,-0.9419810216457077,0.9400073794122089,-0.9865434813409852,0.18761109349041508,0.6189283099846936,-1.0103527729708572,0.9946983904220179,-0.8538638149618888,-0.24708316769433533,0.8213903293873965,-0.9494185137649243,1.0204306953222302,-0.4158785258504282,-0.6038046978951012,0.9221095580866399,-0.9469687353149628,0.9370719452559371,0.04440062763134233,-0.878571905105098,0.9145811140188053,-0.9424317563431753,0.7627506309868751,0.5298330503588871,-0.96477854873519,1.0000585578044743,-0.8532056708812732,0.12803054309439812,0.7397527083984381,-1.0053816448645887,0.9571611178663784,-0.8820307836831248,-0.5187052733865987,0.801971474897032,-0.990884853068711,0.9451286245029257,-0.3297026145273499,-0.695566910015871,0.9440348910338502,-0.9204780779570857,1.013508767032502,0.3615204803748047,-0.8689408108652387,0.9908208515096363,-0.9336557333191212,0.47916387491027757,0.6020229737969145,-0.997762552345066,0.9431384434688127,-0.9170111771934757,-0.13371818975573574,0.7844757782445485,-0.9914044960065869,0.982263994665969,-0.6861525416069241,-0.5602849182856504,0.8898535412288524,-0.9360309968041023,1.0504604250384797,-0.021812980607866985,-0.7805880857066917,0.9399982120955366,-0.9132129064119581,0.9947723205917495,0.5572992072827219,-0.8943151625928922,1.010604671177996,-0.8609697533481436,0.33349577658499546,0.6788859903503296,-1.0149446407640796,0.9768412097491075,-0.9233784235139872,-0.4275436797232186,0.7679620443419058,-0.9916240136577869,1.0252526888469904,-0.3857473571275195,-0.6004773300831312,0.9544972841727384,-0.9176268363233973,1.0587940208828843,0.2773843080399516,-0.852827781866472,0.9402667696957296,-0.9270304254233017,0.7147418259727145,0.5563342703052699,-0.9620213546746658,1.03554135179852,-0.8651072737822115,0.12133419351134336,0.8068309709532772,-0.9438590306485767,1.012692560103188,-0.7321721425195133,-0.4267243669119138,0.8858581415317651,-0.946363582768891,0.9942948871714767,-0.2918423984540764,-0.7554248429118909,0.9351786974928715,-0.9297941836691529,1.0016551324539946
0.5558181142796091,0.07073625762977598,-0.39365219567023624,0.7648800346965727,-1.1082857904834695,0.10126561684681352,0.2276183196743305,-0.5352266024515246,0.7805305959665612,-0.6763612139523986,-0.09672519789844589,0.5074386109210246,-0.6598107808434557,1.0114539025609182,-0.2664178612702179,-0.21549472974362646,0.7187380170179155,-0.7911541643724284,0.8964630610057641,-0.06778930112565786,-0.347531796477,0.7794928891921679,-1.0027937669532667,0.3883925585292705,0.12966082909967316,-0.44350601286561453,0.7495975972019939,-0.9607676023263927,0.05403668199950388,0.40520365016918247,-0.5482352657129682,0.8729577375179711,-0.5146233522969172,-0.11546942797367901,0.6591216521258484,-0.6323087966219102,1.1854363966555022,-0.09866148083226635,-0.19758768841459654,0.8310372282160632,-0.7649392963814726,0.7253349487072576,0.020802621019703243,-0.36095581352981454,0.8094609825386034,-1.0179850328962226,0.21359419365395743,0.18586285390396098,-0.48281645698654535,0.7600246633617832,-0.7691673305372921,-0.0043450496104815595,0.5309362809832263,-0.5832329539785984,1.0136251594534826,-0.33478286386461903,-0.16722022087544883,0.6561283767225548,-0.7693730798529598,0.9372367726124988,-0.08292235779589155,-0.2679568267826123,0.8225747200888369,-0.8915487572077992,0.5381947164380683,0.10207262744013167,-0.39672001955566466,0.7717319507125353,-1.055254471368219,0.1065384809366703,0.30398580315475526,-0.5201057429736454,0.8035806725254373,-0.6129702557437928,-0.07493603339564392,0.6127547944074871,-0.6140671498200345,1.149422770034489,-0.1783222949177331,-0.18981229754216103,0.767410454877588,-0.7469795231479472,0.8102457489625514,-0.02875434012136232,-0.32425802889310024,0.8290924558725854,-1.0096915699261233,0.30621732215732955,0.17823794630436154,-0.41800275083440236,0.7997453825786299,-0.835291629116139,0.03914071319772644,0.41378839672414375,-0.5465730474141536,0.9425623572130251,-0.4416587870629585,-0.1161615905328916,0.6368311493949338,-0.6474448642090618,0.9929030583885723,-0.1528924534359658,-0.23460792911308587,0.8280897143563536,-0.7872196510867944,0.7131895356450201,0.0825640712484198,-0.32536749541770105,0.8154810382242961,-1.0026974425717243,0.19402337055395866,0.218658608702718,-0.4993139294331353,0.7237589437808319,-0.8155791807696031,-0.058193020416727234,0.4966357692051099,-0.585744779353186,1.0669014038964897,-0.25608029596586823,-0.14103404478910078,0.7403779611595535,-0.719160639529045,1.0223076783603782,-0.07225909537811337,-0.31250464246232124,0.7722024337929884,-1.0251575408771323,0.40465531213375744,0.03474962099461083,-0.4490675605249644,0.7400476267084871,-0.9943266824467473,0.10480343083903812,0.35457992662888715,-0.5113273939654699,0.8727287315716219,-0.5452844043321684,-0.08718746019826924,0.5944076325481071,-0.6425312714931721,0.9923344242348239,-0.21805833458316087,-0.22906352064791555,0.7224591479754995,-0.8627652276314837,0.7519062727182343,-0.009754105884014801,-0.320190909455251,0.8091160984271752,-1.0239076052775624,0.2795688823648041,0.15546241772511177,-0.42816638721745304,0.7940931494515227,-0.8502210542811446,0.03477643554771406,0.4598098573518838,-0.5551569636614806,0.9417926875357828,-0.3787810604472507,-0.15242945931502397,0.640814603712754,-0.6839642430332424,1.0423917255711286,-0.1309881661490182,-0.2521971643969423,0.808962606796109,-0.8417709641566092,0.5573609927905568,0.05585133345019176,-0.36169723524925046,0.7824497143712675,-1.046968621159306,0.17194173700904297,0.23473512596392332,-0.4967507711359282,0.8172827863452318,-0.6677947361466824,-0.08215417740702391,0.46152601563104967,-0.5966247982641458,1.0350741708281965,-0.28648242761657805,-0.19973917926285725,0.6785147656950422,-0.7693954093326623,0.9361697716643769,-0.0664151648507375,-0.3131475402493899,0.8011238276751594,-0.9188421979242111
0.8880087417549839,0.24340882393189953,-0.8518920847133363,1.2143077760318353,-1.9266817344060017,0.2083356579657564,0.5155784086582987,-1.0409836380501356,1.543702650348099,-1.1402485046231303,-0.24186899158009717,0.6773283797259535,-1.2673804561033581,1.9109294812982942,-0.37927377825685327,-0.5294811048606112,0.8217025569147445,-1.5720764238302025,1.5959896637471649,0.07048291573992224,-0.7162557150798877,1.0607726223017448,-1.9292213604364958,0.5628851096004671,0.3322787255856019,-0.9246869031281589,1.332419084759524,-1.7065873658730508,-0.017670763307894556,0.5766504881718003,-1.0890601260157096,1.7516631556885491,-0.8137049059188027,-0.34003330214510835,0.7613882849710517,-1.3130677942505615,1.9799283214392878,-0.16824092736962237,-0.5699765908232473,0.930332411913075,-1.6113428747987182,1.1367748164020752,0.20099433830304766,-0.7647646899868961,1.182660562420643,-1.9797878348149796,0.3108666917126857,0.4758168066468032,-0.9398071778566897,1.5085870789014306,-1.3949944815350601,-0.1468006046969834,0.6544772164944467,-1.1795638910390607,1.8420989739913138,-0.5744285924305103,-0.44795877929273703,0.8120471842591063,-1.4191227333983332,1.8312007990696137,-0.01943805873900801,-0.6647625808098314,1.0026508660779305,-1.8266279377212602,0.8078869840709985,0.2882959477345399,-0.839034344919101,1.272314837661207,-1.9482851400777579,0.11829690859857733,0.5532964950618581,-1.0054817714497029,1.6449260425021577,-1.0099790111864881,-0.2587016862360997,0.7033645987247604,-1.2542083053314832,1.9807964185033624,-0.2942757083617761,-0.49048728068457154,0.9087201438854587,-1.4854463236471724,1.3857561339275917,0.12106474544991387,-0.6839091612706732,1.1386981943010999,-1.8603760352152816,0.5413817154336771,0.40549383729351546,-0.9215514106999502,1.3791100255835569,-1.6100457282755476,-0.03459534005218413,0.5996432978006927,-1.1138577703454775,1.7823915927047973,-0.7821661209580488,-0.35914179825306836,0.7950167113720941,-1.2872559781100807,1.887156597710094,-0.08648732479827823,-0.567949518076074,0.9528276377787417,-1.6678494326799047,1.0398869306082237,0.2182740661222857,-0.791904568194461,1.2028471975015154,-1.956115828616899,0.2682549839845216,0.4938215453754895,-0.9441659192853117,1.5600110273935235,-1.2125969706536741,-0.14099012568717192,0.6896690450191109,-1.1690805659977193,1.910821046054992,-0.4445671218659142,-0.4758050376631343,0.7844821088734154,-1.4892854188672346,1.7322190390459404,0.011971690383745733,-0.6781802192761771,1.044349889260052,-1.7507845318280189,0.8248205251931883,0.30072942895336074,-0.8738535382485578,1.3022855683057681,-1.8149050918985843,0.008602258397188062,0.4941618068613933,-1.0864593100751043,1.6524428830537565,-0.9552174196444085,-0.3408237080477798,0.7169509566110899,-1.2245336760570105,1.9765875802305783,-0.22583621148549007,-0.5311167732988961,0.9125909078106879,-1.5650405168059742,1.4139943899923102,0.14512477689790848,-0.7471121220622526,1.109474477197497,-1.9357395300174864,0.4340077079032724,0.3837809162308079,-0.9473559434580124,1.4199304400278594,-1.635419885422351,-0.09675344351107859,0.6089173292438901,-1.1276625824373823,1.777703356946241,-0.5961230206487076,-0.37671258746247077,0.7899247977669462,-1.3620007118782937,1.8593272288211247,-0.1041011215184303,-0.6099831795345454,0.9795468775448986,-1.7098631910617101,0.8715570501217914,0.2426257213976896,-0.8166179167303061,1.201689830917288,-1.959943427463082,0.20269313967274138,0.4745461236847161,-1.0279453737532036,1.510241749539975,-1.2276041477844268,-0.25234685346785535,0.6498841153402153,-1.2287345887056675,1.8588503407950574,-0.43789407889118837,-0.48075424856471916,0.8435637047684366,-1.4948293710861127,1.686621653403431,0.05894250565972457,-0.6931383480009523,1.0378305642692536,-1.9175008097208779
0.2857035131506431,-0.20072494035481225,0.16011653017663705,-0.01650126608037891,-0.1630681990765738,0.19452016878911843,-0.24518617656194647,0.10171116425547588,0.06566057034334832,-0.18877165295542556,0.18639479471514517,-0.18140015755274178,0.06549798829077717,0.19590505125137062,-0.20144021209609464,0.1842714282661429,-0.1238901564234805,0.03632083782500453,0.31732976081332825,-0.21324449029594325,0.16868168956704244,-0.06668381484384467,-0.029543118203737253,0.2916151772628927,-0.20856747054612887,0.13587505908316339,0.009599795579535018,-0.18588992591428066,0.22203698243398026,-0.20128009835990157,0.09202376173063592,0.08115725081481269,-0.22978377741893108,0.17819102286588223,-0.16045178574627414,0.07221971908036719,0.30020300838118275,-0.1812870735953768,0.2087920874390627,-0.07904419228512126,0.036916725276970506,0.3318618874619958,-0.20421727958779023,0.15728987448640394,-0.027436920614884376,-0.08577616334419687,0.21116238120248904,-0.25183330364245504,0.0924542151676363,0.004886296880352744,-0.22628112726211944,0.1930443469799658,-0.19551401046598557,0.07954628749717242,0.1851513449156516,-0.1976522525185811,0.1884882934828195,-0.14933237557456208,0.0063052524740084565,0.23061828245163588,-0.22335732237627035,0.17402605294030568,-0.07629276493235425,-0.0006345542755927036,0.30340380108704645,-0.21022223269960622,0.14743810845447888,-0.010599774245497842,-0.1662646654130222,0.21664012177088854,-0.22277095654865345,0.08932805635891243,0.04974522215996581,-0.22102969717908896,0.18111658241048886,-0.16605804746241043,0.06916906244393808,0.23510027682042126,-0.18652102112084715,0.18545468909082155,-0.12071727966410725,0.02572839638524479,0.30947697243452876,-0.2179009356550984,0.15837520044062117,-0.056329885024055996,-0.09095234741383235,0.20637098758189718,-0.2264863259872762,0.13792095537674492,0.025550151660541802,-0.1874532381319883,0.18055232217015746,-0.2243880708278615,0.08768839244931802,0.11470929620241889,-0.20147950690481434,0.19156005411272725,-0.14530857371435912,0.05691692587188225,0.24294520694058686,-0.21822653161175498,0.1926014687153111,-0.0790951832610142,0.023435050409711753,0.31465292294121744,-0.19315053859025688,0.17485985263022202,-0.008757717726558895,-0.10086682490975588,0.22701519874531984,-0.22838260933012267,0.09433074999223891,-0.0012176609640417776,-0.28376000176210325,0.16199268810467538,-0.20775358065201824,0.07093944200256803,0.18255447349087378,-0.2020474058745216,0.20261039608882278,-0.12350328136275868,0.035863653939768717,0.29120493377375417,-0.23323348594522206,0.14948055129016335,-0.10710216175834084,-0.11262662801465334,0.17140770336312308,-0.2825034029561873,0.09740977380627767,-0.0452268537042441,-0.21122661381122,0.21073281173006378,-0.21213776196538653,0.10499854368369771,0.05570152663572178,-0.25457493530595804,0.17743969172472016,-0.17203197416534136,0.040326875673938514,0.13496473217958965,-0.25139209273600077,0.1708270323475984,-0.1342019272369784,-0.031423128554654366,0.26111420904122995,-0.2100285232744331,0.17286267687744772,-0.04258505781195657,-0.07166694398847014,0.2419325299226563,-0.2174848805457579,0.13428896537648652,0.042662661106465154,-0.1735295993026679,0.1982216529075368,-0.211544680271329,0.07778913099692128,0.09715947200973726,-0.23249320261934697,0.16572031135339138,-0.16621782097865634,0.046539333520056486,0.26740156600878545,-0.21992223685019402,0.1855906926347836,-0.08391542297908741,0.04126494740570025,0.31160368062058097,-0.21171383626064244,0.15602148572999278,-0.031421035988511904,-0.16903335966036517,0.20742412469792545,-0.24258836151228733,0.10516500638601398,0.05050345250087689,-0.2192727376658384,0.18037707821872695,-0.17509515857977329,0.08844554218734123,0.22890005577515762,-0.18719609891191566,0.1943098843950606,-0.1317901550144237,0.03116077102585986,0.2994227204918454,-0.21739338115895834,0.17143479676448373,-0.06316721712564431,0.011168849722766815
0.44508790512115104,-0.11023787435994943,-0.2055797982128076,0.3599500895331183,-0.7139497303367771,0.25208470702510916,0.02291459594036883,-0.27128464949849956,0.5293600464232702,-0.5459987271580691,0.021540115471788263,0.06772391519062036,-0.40545838720654376,0.6720980047005695,-0.31543608784017074,-0.07468640688188581,0.16328985281257302,-0.525803530756374,0.7221003469693318,-0.10819352033962605,-0.1012090137402258,0.3026419289066802,-0.659982112324996,0.3649313751919669,-0.04743040326204394,-0.20631480479271191,0.4479362242450812,-0.6953719981552444,0.12369534315526218,0.04342816381123557,-0.2677177372749245,0.7074245347228857,-0.354796701948714,0.02519146024358982,0.13338473679487356,-0.40602298456098973,0.7781080494313279,-0.21607679686405468,-0.06691166383711884,0.21436187683462068,-0.5768496122887513,0.504343229377727,-0.09170732928404361,-0.13718446863392272,0.3561053727973732,-0.6961510184080233,0.2780372236178647,0.010468364778862746,-0.19326099183016815,0.5517862168719839,-0.5731250904657019,0.0924874845659643,0.06858248041728184,-0.34470057915441354,0.6370461528453776,-0.36407289735600556,-0.021268072607370233,0.17040895785292842,-0.3915870435081744,0.8476367335142914,-0.14929230680990627,-0.09251898866431602,0.26267409810594006,-0.5884856351847068,0.45728703614818883,-0.07261473495993268,-0.16404038285187386,0.42068566387239226,-0.6915768234774566,0.21022643395530308,0.03904434686476184,-0.23012070359657585,0.6035579991282973,-0.4710607431600207,0.038284511008428376,0.08419760255672568,-0.38961372923397253,0.7346785463085199,-0.2720220229533236,-0.03216940356724001,0.20729692072721967,-0.4878883891242625,0.6289973485027818,-0.11021846790074365,-0.10188923730378562,0.32337526587883925,-0.6064671333790622,0.37584700284809175,-0.03697257943801721,-0.2227186494600963,0.4285418413967122,-0.6837504850262791,0.1350985907147332,0.05178186249873727,-0.28028007647910824,0.6805835404375168,-0.39909537032607206,0.014120560317071793,0.15275403612223482,-0.357916096049105,0.8524046254590761,-0.1432529992788821,-0.0365246789089157,0.24597940505187593,-0.525803314122123,0.5370124064240259,-0.09780997257127527,-0.16570488652392767,0.3490782859106932,-0.7180093874199589,0.24704595157578946,0.007358703177495351,-0.1986763925519047,0.5911275649282813,-0.4776524107752542,0.11558991482123912,0.09527224100316821,-0.32514210543802474,0.6895800469234268,-0.3327316051652202,-0.061979689845353,0.10961864226765447,-0.5304045661618415,0.6599350136522255,-0.17614373115107315,-0.11085638199706732,0.2647049252882107,-0.5555418043093504,0.49252256201310607,-0.05978537099072811,-0.17393927602071532,0.4175739643378153,-0.6866097789023082,0.12101711158766452,-0.028316815866839998,-0.28079931188846763,0.5960974732074982,-0.448925647744829,0.008348859825046484,0.10350922786976782,-0.31313086445863103,0.8872024112555349,-0.16916882262566232,-0.010094324638721579,0.23894055273919657,-0.43760397148260294,0.7095634280088453,-0.10143528362273972,-0.12179378827815912,0.3252510937232047,-0.6250909445531639,0.3600328082756025,-0.028167406695839364,-0.20817081253924988,0.4854319006978871,-0.6470163316491236,0.11601547849579152,0.05328799368611507,-0.26890415427352954,0.6961076386134047,-0.30772695807369754,0.027827721455331314,0.15178970188573476,-0.39236820211624884,0.8266728151774868,-0.17028461599372383,-0.06478544218200716,0.25878991375046295,-0.5143684184850451,0.5169199161043584,-0.06490048015307433,-0.15285724342969667,0.3843034401671854,-0.6810000420865765,0.22753081105495906,-0.00047885582611957616,-0.24136875064685354,0.5112854434911959,-0.5379594207969641,0.05001673059766465,0.0694783429805773,-0.35915652563881734,0.6865534835345247,-0.3088218515751272,-0.025478437963937454,0.17838802358902422,-0.47675512491589145,0.7294337160888796,-0.14236178275123657,-0.1069743099049778,0.27709871672836583,-0.6589621336432452
0.42831060070320287,-0.8523978468315763,1.154213488165903,-1.1298361262990197,0.41951874405472056,0.750593608148789,-0.8684631861399786,1.12507891597454,-1.09117301841854,-0.33437131353091054,0.9479517368719567,-0.9694602615890504,1.0847051062563533,-0.8914934171613598,-0.7132816941869964,1.002416338686946,-1.1675443363301143,1.0430238995701235,-0.13725874363879886,-0.8866481438620801,1.0771870147844664,-1.1528443354941222,0.8534059239607843,0.6435329273224487,-0.8283867838121389,1.1503584745032531,-1.131636919587555,0.1434330865608671,0.8786723030345855,-0.9021728986525419,1.1009167746720727,-1.0789546121074107,-0.5937454564296911,0.9596404018507093,-1.0491632289221962,1.046769960099037,-0.6435082119203697,-0.8053277347272879,0.9830286492420381,-1.1548664457241753,1.0342870238212687,0.3336585681069512,-0.8924617412114912,1.1114159020718184,-1.13238348275986,0.7169592521033811,0.7108998399792058,-0.858603428183335,1.1001379559770974,-1.1426171424608051,-0.18292563186167168,0.9043910403530869,-0.9456368165041741,1.0916050778226425,-0.9707824753683579,-0.6356713897306824,0.971685067249231,-1.1329860507705953,1.0264333730240731,-0.4108365429105308,-0.8716666794117183,1.0271207764940804,-1.1756652024203933,0.9009401604865717,0.45252776083701973,-0.8315159650092694,1.1272200930410488,-1.1348597006712031,0.3832926691774628,0.7960099211121138,-0.8800445988491974,1.0965220835001246,-1.0853834493688037,-0.38828019415282033,0.9701766841804084,-0.9757932828691549,1.090881032951692,-0.788563875375947,-0.7381781699303861,0.9705932000585988,-1.1838347327181395,1.054103338038725,0.11328025028735582,-0.9005141442892254,1.040700244881824,-1.1578920810500375,0.8379950886819284,0.6070700934438299,-0.8351787831243032,1.159234359115932,-1.1065181065296164,0.05501259241178771,0.8552877135528996,-0.9051096362166673,1.1157406499379476,-1.0215302576982142,-0.5146246443261924,0.9628623582244732,-1.0907602427537755,1.072640801055993,-0.4975195071472975,-0.8319384462794142,0.9768041868743583,-1.150329349864189,1.0242107242441607,0.3522829893767695,-0.884584373232421,1.1357650951468765,-1.1039790783735852,0.684413649367933,0.7819848801071488,-0.8796278405384588,1.1122253545596543,-1.1274603864746826,-0.29299297361987237,0.9053469189393274,-0.968231844613592,1.0952287596757353,-0.907297838837571,-0.6619552610706336,0.9899272371612485,-1.1420990738019519,1.0961334831966882,-0.16017154331885736,-0.8705797648766226,1.0395920890901458,-1.1726936071082517,0.8454522994313227,0.4477901438927107,-0.8400996268697113,1.1170472897299923,-1.1334592993412955,0.33319560015201827,0.8830601067731052,-0.8925040852844874,1.1467319730007355,-1.0739833331024204,-0.45545844480159786,0.9958393181191406,-1.0327356763118536,1.0507348657911266,-0.8492884238161652,-0.8247327329648466,0.9814789494880187,-1.209478921061452,0.9467008327640504,-0.004490907772207901,-0.9185549065756465,1.075202176156962,-1.141156114410257,0.7628613108313063,0.6572302120429071,-0.8650643941010591,1.1250023700106613,-1.1089631014846852,0.027702261944575955,0.8858521235751945,-0.9259252545598967,1.09604325940626,-1.033864007644761,-0.6476720753118739,0.9955678854989443,-1.0799594366756733,1.0736838651930654,-0.4137109195859547,-0.8362560291513643,0.984868353780692,-1.1758084352945382,1.0275481347814488,0.4267052065736076,-0.8919200956229251,1.1206285808126168,-1.1581837810870403,0.41690569513161047,0.7219187461867215,-0.8562899882674152,1.110191480864557,-1.1246692221953627,-0.2799749630241484,0.9580127629860375,-0.9664912054198331,1.104092218991354,-0.8606671433904125,-0.7084493246113932,0.9722035538870858,-1.1740172918356417,1.0088708400351474,-0.21328269733538752,-0.8890176888573467,1.0533144535661294,-1.1587145144542308,0.9346420341173933
0.5910504535573002,0.014285610954081913,-0.43096814754671015,0.7817891972418599,-1.1142305552092988,0.23711792708375176,0.31927670343580583,-0.5154704682484539,0.8602289434177977,-0.7508540635491585,-0.10120494461701537,0.5395606260312003,-0.6795837584406713,1.0753111951690482,-0.341655139261308,-0.2721417561822577,0.7985880683664767,-0.8877511055572203,1.0230836033417445,-0.04264889805918865,-0.34144975245880815,0.8052054409722676,-1.1031288853810532,0.43091595332813365,0.10732499799098824,-0.4518152590082958,0.789623863516665,-1.038255369967604,0.0612074265302436,0.390853474301122,-0.5361091477689606,1.0660798074455706,-0.4497432269080427,-0.08092113963961306,0.7563469720843163,-0.6912572014445029,1.1793869657561336,-0.2062921871947389,-0.256505202385945,0.8497017364297872,-0.9233306093016589,0.7163515454824799,0.0014649733112466192,-0.35148015397396243,0.8379034447467035,-1.09196986381305,0.3084348792612173,0.24985814047663185,-0.4582388047716804,0.8488000010758555,-0.8841536444254362,-0.021104526679481636,0.4621380354590138,-0.6326432316207511,1.0218116595971372,-0.4412920765605707,-0.1871590389448585,0.8458176172278524,-0.7450339234497944,1.1856732446575282,-0.10119814085772172,-0.30033376686452945,0.8225747200888369,-1.0529793649185921,0.5683367934088072,0.055928795862756196,-0.4093575717089057,0.8072924836651733,-1.1118265499290045,0.18350273472369674,0.35165963452257115,-0.49064202239522664,0.9635988112431493,-0.6400006390930826,-0.0688395425431168,0.6127547944074871,-0.6625490886666239,1.1607339761361062,-0.2720220229533236,-0.2021161331694721,0.8735757652721022,-0.8051894255056915,0.937306483305482,-0.013772431564234485,-0.29422751684566867,0.8783289479676861,-0.9739628223839787,0.4730658023031181,0.1645865323580167,-0.444190274007202,0.8038470791662754,-1.0114582091206012,0.06742303499221247,0.4414053900568037,-0.5385035634464249,1.0892704946073095,-0.484222203799845,-0.11136592853841423,0.8177192688780756,-0.6493434135084714,1.2283328649190792,-0.11219253588383471,-0.21465178077162103,0.8749609340665843,-0.8875612753762642,0.7217418234712819,0.005260909611407626,-0.3971424296910487,0.801584494393723,-1.1574607477213417,0.252937349467104,0.27779104495044826,-0.46268803661511737,0.9272019910038121,-0.6937039522470513,0.03734210104917053,0.6255674288997445,-0.6038661573406642,1.1629162134833853,-0.3478105512372237,-0.22734849355421294,0.8054840839752545,-0.8647724675551732,1.0434990622614397,-0.1087591025415857,-0.3305626956383142,0.8312316001900698,-0.9780389051011006,0.6363053345429492,0.12207431698106795,-0.4354623156868422,0.7976653992358118,-1.1264871474305767,0.06048603679279268,0.25618614220269426,-0.5802481607719964,0.9280549832444466,-0.6383767623911232,-0.14975106800114857,0.6640180414832926,-0.6702897327601278,1.2569770775964817,-0.16583544681037854,-0.21974568251986482,0.8470773426240312,-0.8551730623431107,0.9270516758343416,-0.02755627631871865,-0.3738316125883167,0.8148763961022225,-1.1117526847322758,0.3833933028948668,0.19365092103389378,-0.4450327146094486,0.8324097182623187,-0.9922670739850811,0.020269463592700192,0.4516497469498336,-0.5853772016027304,1.031925664063519,-0.4637673397567947,-0.17153505912017694,0.7793245470047999,-0.7848625270875655,1.1282798102648937,-0.16097756208313563,-0.2884942963674236,0.8642872351470678,-0.9232819713777455,0.6740179447699757,0.06540723236843579,-0.39966814285280566,0.813211567786594,-1.1287275590372556,0.2145206022357022,0.2600187135830483,-0.525825031930069,0.8708620876231759,-0.7554757283309071,-0.049564090501758085,0.5987792045664106,-0.6359181095618621,1.1283650618714522,-0.3373666710777178,-0.2107285953808072,0.8577920615851085,-0.8456388550810928,1.0664134866769397,-0.07922543774961689,-0.3492654784119145,0.8260403262640115,-1.0904611082984337
-2.4506748374167096,2.244086154644003,-1.8825586755415467,1.273044866978622,1.4657973358007184,-2.4453895547134157,2.123419223807512,-1.6723896871802764,0.797436306031975,2.5725428400517396,-2.2514833695303653,1.9522154683209239,-1.2853558902826452,-0.18176522217385624,2.5036819193108313,-2.084037358983621,1.7343746350478608,-0.7446014216327698,-2.0033549331477585,2.33850642095067,-1.9676362718228833,1.4830818060839905,0.29487376471277255,-2.404954582568455,2.271507490771793,-1.760143833474115,1.1820765234800272,2.185235763906783,-2.3461139516467036,2.0539633301679254,-1.6274597627296494,0.30186818787492653,2.5743035930465763,-2.278850340321148,1.768210487207631,-1.2873967147310452,-1.2968467490522135,2.323573001749438,-2.1388442384962034,1.5447680223088707,-0.7092548504329695,-2.5015034896328836,2.242874139518702,-1.9623422784688183,1.2886733761053792,0.5782376941343296,-2.472342658992677,2.144434649134223,-1.7823598178475273,0.9025036004337512,2.497574996809492,-2.298531243944736,1.9742199048298785,-1.4709141488600295,0.026333242128755072,2.544959974402174,-2.179445740440272,1.7396563111240286,-1.0402784728621055,-1.7039280162596604,2.34390925615134,-2.0163115912061476,1.5436359265073512,-0.15445051067927276,-2.3776546242050243,2.278248684508859,-1.8440914338121532,1.2404015388575576,1.777390319425385,-2.357386588217434,2.10699447472117,-1.6862487890247486,0.6235602664680112,2.6154711555370196,-2.2513832677477725,1.9028658177819986,-1.3107705673191707,-0.6320921909702406,2.4054477056636747,-2.162270946545441,1.5823207339747907,-0.9809605032133895,-2.388695092141831,2.2438139141379336,-2.0209819595729823,1.3072705909656819,-0.08925097848325413,-2.57618870492818,2.1432385302282464,-1.8268914975310244,1.0499488744250054,2.180377138272072,-2.3981893757342454,1.997660284613448,-1.5964129116156505,0.1700991031778121,2.5469011166769855,-2.260621779063269,1.712639438952566,-1.325226964098272,-1.5512577541185175,2.2655394895301337,-2.1297029049470138,1.4978945637638432,-0.6617926207249571,-2.4836556538116645,2.237604432884681,-1.9410359138565272,1.2627760427708612,0.9156032780482257,-2.466531917163685,2.1242999208462385,-1.7575659556187935,0.8204224910801485,2.5636885191738843,-2.2964444376177604,1.9287241475082268,-1.4383124675259655,-0.1088588959570721,2.503366835210804,-2.1133595329264794,1.7750752678434898,-0.8529078000863776,-1.8406482866730394,2.3535875345634287,-1.9670737647126693,1.5395815969550464,0.017734930965700838,-2.397511165836742,2.2691402366480857,-1.8043011157890267,1.2251520986320916,1.9881602288301223,-2.3650806032017173,2.1264307888152905,-1.6053455429288381,0.5793709320040862,2.6149561718797236,-2.235486479483624,1.8386936922645476,-1.3799810591519621,-0.8601641492967813,2.335307539924374,-2.1423262829410152,1.600483342270583,-0.755209552712868,-2.312175944433887,2.260912733062461,-1.9852571190378079,1.347292481210163,0.32539281514683405,-2.506819003610753,2.160765102109658,-1.8222050120950004,0.9154289506857105,2.2747913792054653,-2.3878878809396022,1.9872341589719886,-1.5549431688844997,0.1800236601078175,2.5260778307068374,-2.2158342382715346,1.7799882189514171,-1.1491053325236718,-1.5442378018341154,2.322971714942722,-2.0803874032367036,1.5012888587990796,-0.6325593789556928,-2.5348259476772386,2.2007162815542483,-1.9513638862673217,1.2025687410148687,1.1468962118990222,-2.4643996682749254,2.1463275838341405,-1.674651228714768,0.8922938081343534,2.54773703491711,-2.193267584714786,1.996863549306922,-1.3355098911451138,-0.24459522140664908,2.493534776113968,-2.128381707963065,1.6972651137687518,-0.8635784893748412,-1.8940468291641794,2.3391710816602482,-1.9775825239057383,1.4933353040967043,0.02914797366673302
-2.417120228580813,2.3960048067271216,-2.045256225722973,1.48930415637361,1.0120136283957306,-2.5064079652435662,2.3059721714657835,-1.836760723749825,1.0461917541373498,2.394775812604926,-2.3581013414323193,2.1470890266559897,-1.4642114603665517,0.10103135937643436,2.5891788261188884,-2.219990222436336,1.9262949339031747,-0.947105852550285,-1.762568328049828,2.466004179359192,-2.1280501828026965,1.6794322014956617,0.06410299232886355,-2.416685174237107,2.427858308532589,-1.9331272304444802,1.3929466094304903,1.7048116045312736,-2.450601943380341,2.228431257826977,-1.8101599397526984,0.5446502186410518,2.411312058533062,-2.4285595897687675,1.955459251572088,-1.4851591051036144,-1.0145399737483305,2.411634488773279,-2.3110646639509143,1.7299199437890131,-0.9220931771694699,-2.476349960603506,2.3650529136766765,-2.1489398820302137,1.4713946484725673,0.28044874969409905,-2.563535625922735,2.285856331807162,-1.9789810355664468,1.0953981613927233,2.084755279735663,-2.4381935528530714,2.132529846143658,-1.677074272815218,0.2604671462372725,2.51034448027599,-2.3533122340055246,1.9121010752197538,-1.2625055530649205,-1.4840006475640601,2.428554988227185,-2.2007848544635835,1.7153892254129155,-0.41030279459826546,-2.464908004909796,2.3993762423994696,-2.038858414056221,1.4209396292324885,1.1732813376512856,-2.4739019168672374,2.2593944274543523,-1.8769876117166178,0.8360843569524725,2.3857128970680557,-2.3950862664144794,2.07761329753674,-1.5091873911172495,-0.3681640485991696,2.4698662686881434,-2.334524645327794,1.757310452487128,-1.2035277769341761,-2.3307703456031414,2.352432751177109,-2.2054551050072053,1.492533323933688,-0.3223385219724835,-2.6353082451373173,2.2893889618891157,-2.0094559447928275,1.2488811589258122,1.6802913627755347,-2.5214194921245063,2.1611230289337864,-1.7916944236346837,0.4051315273706966,2.3690468395978534,-2.4308677798672087,1.8803454282709442,-1.5473572321291895,-1.3367128497802332,2.3340867190916175,-2.324090572124987,1.668747719481781,-0.904724974267884,-2.5041811445946935,2.3561359473947667,-2.1270648251364284,1.4399569766106657,0.5143650795121804,-2.565507401737769,2.267006200324094,-1.951377971780805,1.0148735804148201,2.1943696448631207,-2.4483907736635215,2.094077179997956,-1.6410993164334586,0.12696695215109227,2.5511168311054826,-2.270661565722712,1.9535920562091218,-1.0729434513258604,-1.6266153092723177,2.452792682238507,-2.140130107649268,1.7220353840005707,-0.20843452075925095,-2.4630122066558924,2.400527852627709,-1.9902394619100303,1.4110158809783002,1.3924518642761443,-2.4666863358931095,2.2835557468912264,-1.8026015306854484,0.7878093685389143,2.422238658705045,-2.3868227740338313,2.0032933050592048,-1.595571774991985,-0.6154603259829196,2.403086181501815,-2.3131533152886137,1.777085126686788,-0.9893013157710315,-2.204394157900898,2.3739565153228304,-2.164549332249698,1.5340907058152673,0.08821110061910811,-2.5639224349022878,2.307831465915818,-2.0040680204956485,1.1176552860760234,1.722390191467933,-2.514582102680057,2.1541455081048317,-1.760608677095784,0.38936476688191496,2.467562687575676,-2.3720017497223496,1.9538323314506174,-1.372090540283726,-1.324524096803554,2.4005304975309563,-2.2603915474984793,1.6749467200118116,-0.8784509174061206,-2.5270488175452774,2.330155275992282,-2.1309954876226023,1.3932922321898926,0.7264216742409931,-2.5507401449845397,2.3018599561578497,-1.8671699826219164,1.0982764552695607,2.3319069003097863,-2.3326807342539775,2.161129333937008,-1.5490604960240062,-0.02280932949249424,2.536972544922258,-2.3010725326737065,1.8680053955688147,-1.0844602366166183,-1.6811086919214173,2.435248128401843,-2.156667300628257,1.6739799188658813,-0.23400102224040836
-0.012932505488835237,-0.0006572072836019422,-0.0787055618327962,0.05736507556482265,-0.14919708138297152,-0.06567154403755956,-0.012221117834863333,-0.10217214072021401,0.06566057034334832,-0.03809293445288854,-0.042072287931898295,0.03274660984842909,-0.0890907456510915,0.13387225271775838,0.03339129193670205,-0.013993164269066579,0.07153233766641927,-0.03932736912694082,0.13673980698988047,0.03636379729257122,-0.022902697006004228,0.08914983230827549,-0.03288762215133018,0.02181156888389973,0.01957709006401126,-0.059014532263361716,0.11698733935060425,-0.02316561386773696,-0.02791468406609433,0.02983326035728363,-0.04944761428278671,0.13357609836658968,-0.0019121175165425462,-0.038147068368864494,0.04696223016512425,-0.0437755291189281,0.19131325219254222,0.038323054538153156,-0.012526266325104823,0.059819748824985586,-0.07197730235565757,0.035409581044332485,0.008496845205230892,-0.05190353263125397,0.08116157145240654,-0.05618223097746574,-0.00526892697818116,0.011258430045192197,-0.05347559485812397,0.13750130753964607,0.031966823601417255,-0.0024828854917035973,0.06192458568913219,-0.0192742677871327,0.18842594497311332,0.030011189619015496,-0.016482756270711732,0.05760134134030813,-0.0402566119494385,0.18378189837757297,0.051741306870225164,-0.0036706414627753815,0.08562444196540243,-0.008249205582705579,0.08606356187697937,0.035328871051427846,-0.040638403002578836,0.11431799535735825,-0.03089576314257203,-0.006770003805340494,0.021850506043582192,-0.06031662973674108,0.12975429151882184,-0.011544226222092625,-0.052291924514829516,0.02666756806956796,-0.07986800882520706,0.16157743715990877,0.030159599961455893,-0.01371365012627382,0.06159418439267936,-0.06443988373753538,0.06469820480329404,-0.0025360001463888785,-0.053268408274610844,0.05799891865439818,-0.08074413383036255,-0.0012042869301861615,0.00558771110058743,-0.06783815526668101,0.10040611438507216,-0.05106620845111436,-0.03358525713095254,0.015208006463593066,-0.07692908049234641,0.10423014353139862,-0.029705717930952086,-0.043427383616654235,0.034847205204073674,-0.07028587718855776,0.15370971575563663,0.009907216772558323,-0.037263795514155096,0.04866668982009848,-0.050500883277266026,0.1093980151109327,0.04734818650266986,-0.029478990862267837,0.09633489499214865,-0.07793892785055323,-0.014532114798576027,0.01760832546043513,-0.0613292944843374,0.09769387580735185,-0.08802099837739866,-0.08093947790860766,-0.019090869573428537,-0.13271032966623347,-0.0027372643083981196,-0.12539609667516968,-0.11441370077743054,-0.02689419589429924,-0.20466551383672477,-0.155933266538645,-0.09191294538921405,-0.1146184764087325,-0.01664188078619016,-0.22885259626219795,-0.10337715080502147,-0.03975677099383429,-0.10440135795920168,0.045846399645398085,-0.12246212240417031,-0.051928816397683784,-9.534281436616245e-05,-0.07562139691271642,0.12646766249631156,-0.01776104199809018,-0.068587468689305,0.022297084112051516,-0.06145414897156584,0.1657792877080019,-0.0002777813179403955,-0.035718379490861395,0.05308141672052923,-0.05673034618256394,0.10906490303933437,0.03742164576795025,-0.018186402774566717,0.09813078539276957,-0.04707032174115043,-0.0007570530663650896,0.012458660653928595,-0.04757404302416152,0.13632538486618903,0.0040279253272530995,-0.00971161178099536,0.033258631790174006,-0.0363762123366896,0.2279976637435481,0.06844181919805488,-0.011214156407372292,0.056387445026417425,-0.04931403633155043,0.17751868667810128,0.01792469642039184,-0.02108073225836615,0.062080124058165,-0.0579067780466822,0.050292108186683025,0.03152722711284311,-0.02361011562528765,0.12063041089295876,0.01589757125404578,0.01700197743425619,0.02020771586225565,-0.0653516042174605,0.09693884694176173,-0.08606507646288149,-0.09030169913334012,0.0023118888207197042,-0.10716681188172422,0.10920608236116934,0.007653321170984133,-0.022338604787380294,0.058158408488146456,-0.0585374004428821,0.16504428436777221,0.054367408195839094,-0.0038876947327718602,0.10424050776820508,0.007899918096591216
-0.36861135914933707,-0.49460036569592625,0.777322374213516,-0.9278161316790107,1.2260251585255937,0.0966604537879342,-0.7126439337454707,0.847702791763427,-1.1177391342356189,0.5002872058146028,0.33870618314650747,-0.8017119604581332,0.9283188288965561,-1.3038290780024286,-0.0452658623267102,0.5662342351094853,-0.8152234957307607,1.1256550179330176,-0.8409368395715435,-0.3497209640853471,0.719106673213415,-0.8707854341487846,1.2932081930692487,-0.1820074613589265,-0.5882765993937749,0.7991039784717254,-0.982270608705977,0.9803009770859484,0.22203698243398026,-0.7360129675486832,0.9012400325274134,-1.1217173561628078,0.3557197931635957,0.4447063900143917,-0.8100609605798896,0.9849692131076092,-1.2061052855616798,-0.16389221196103756,0.6287682126707257,-0.8435424487192582,1.1233821373388733,-0.5790551995304608,-0.4494538118904883,0.733847313615558,-0.9263911049496815,1.2736951047525074,0.01296966640783039,-0.6658275031989926,0.82747962671844,-1.0374019273922748,0.7972855684962786,0.32153367117563414,-0.7584759980350797,0.9408185408802116,-1.214740179649261,0.12187538556927388,0.529840858831113,-0.8067780386895147,1.0814610309790558,-0.9973095260987973,-0.2704896050094112,0.6822687170169145,-0.8601536357084097,1.2786268653193702,-0.3041970136389082,-0.5225170928393441,0.7860061849035409,-0.936997248088577,1.2298534162120707,0.1738822030003184,-0.6987277320076681,0.8763195402298365,-1.0741321739902148,0.5087906532517381,0.3805589260145855,-0.7967310505278767,0.9463330300942682,-1.2636345316438748,-0.05417015527057543,0.5953262134256161,-0.814086582723452,1.1248683173755905,-0.6920605806215159,-0.3677200212263746,0.7146546855097105,-0.894184767455939,1.3109756513827004,-0.10893322686683679,-0.6135440625836441,0.8008393991224736,-1.0255095989236176,0.8922774135082634,0.2361068828378982,-0.7379148657702936,0.9075479635705485,-1.1712324387127904,0.32144247014835986,0.49448603676386915,-0.7773184810582913,1.0403654629660304,-0.9854667674564931,-0.1614608571311511,0.6575058134109197,-0.8328146356981105,1.2209331192327266,-0.4259752028130602,-0.4345081877013726,0.7724960400491171,-0.894662386925581,1.3244841089373387,0.0797302514624565,-0.6549245827970838,0.8482137104964415,-1.0330448286474434,0.71894074199162,0.33122633184426564,-0.7693711491523758,0.9519835812985272,-1.17681309381833,0.08068283297554726,0.562388378792001,-0.790666023764512,1.0885832402620004,-0.9569675779987721,-0.29593862645682817,0.7025084298049452,-0.8514829484020555,1.3025030664588293,-0.2535502687806355,-0.5372671949166768,0.8131968216785963,-0.9401609657012384,1.1498289210968753,0.20857098763024703,-0.6873263487678529,0.9059053855388499,-1.0752699901180676,0.45586674461764554,0.4217759438197487,-0.768796209099275,1.0081718918484612,-1.1356825281390552,-0.08916780305884674,0.6142008299406826,-0.8071401783390496,1.197242287280355,-0.6896751221604962,-0.37647881683891427,0.7460099158334909,-0.8770053210259466,1.2969593939159632,-0.057860484357899644,-0.6188704259614656,0.812608653967613,-1.0067855846558957,0.9549471127897189,0.27075651268260614,-0.7582720772086858,0.9247952444058435,-1.141442076403672,0.19522462931557136,0.4863621167790002,-0.8085930171647263,1.0383694657740523,-1.0608676507668806,-0.22509282235607633,0.6485643147072515,-0.8692177865163082,1.216381968177081,-0.34478610251694886,-0.4784102878879997,0.7620955878636626,-0.9243936951305594,1.236441715289158,0.06549457394239552,-0.700757615943706,0.842236807059097,-1.1377663847299713,0.4990369290741591,0.30349518430528616,-0.8014953506358352,0.9212929012150219,-1.2091878306840844,0.03619814067357471,0.5624553243463823,-0.8076371038063399,1.1008114657906078,-0.9637345790744422,-0.32536568130665583,0.7011645564815131,-0.8784039053296457,1.2942245129967171
0.47528705307345753,-0.9528467916515617,1.1937683971549653,-1.3354159446127734,0.4571689206516409,0.9152281875037225,-0.9631768493601701,1.2997231423296856,-1.3024943942362126,-0.4765849354883612,1.0796562903978992,-1.0594019038975424,1.2222171777278996,-1.097661247581894,-0.8705960027138212,1.002416338686946,-1.2684075590861914,1.171043942104185,-0.07913783895998816,-1.02492036072766,1.0771870147844664,-1.3460780579627512,0.9370185226506065,0.727113392961593,-0.9217186495162876,1.3006802910844872,-1.3034569896212658,0.08919164921201927,1.0005749600571632,-0.9935608607596643,1.2925094381873936,-1.2017250708470992,-0.6285591822481119,0.9843177506607564,-1.1442279862149203,1.2160089287832545,-0.7544144450754667,-0.9564455951756082,0.9830286492420381,-1.37436106231757,1.134519026528574,0.34982869391155114,-1.0014557555682457,1.1114159020718184,-1.327171254245636,0.7909440830202085,0.8628881181959687,-0.9628920433387986,1.3067438449083058,-1.3103038914762752,-0.24324632111446867,1.064537154567978,-1.0492040678309458,1.2636891482315191,-1.1361497782701782,-0.755494254013628,0.971685067249231,-1.2371714290784293,1.246544004844004,-0.36196379431150844,-1.0015209274826165,1.0271207764940804,-1.370117175190129,1.047141465583139,0.5397811415417912,-0.9518195259074267,1.2149395726929573,-1.3144859825088868,0.4418851791154191,0.9691794921329226,-0.9996199463783095,1.307420293956175,-1.255402721756373,-0.5251215098586004,1.0494310652632586,-1.0886959755502021,1.2102902527034771,-1.0091323943574848,-0.9103514201957839,0.9705932000585988,-1.3544314039038075,1.2150365974983706,0.12822857197475968,-1.0653151384176294,1.040700244881824,-1.3381477131270165,1.003027874948025,0.7463294548253541,-0.9596475573409775,1.3073809187791987,-1.35569617422908,-0.03591209404212843,1.0169009809499636,-1.0178168252229276,1.3053735231795707,-1.1862026568142479,-0.6483953826421204,0.9628623582244732,-1.2057377114131007,1.2615464563472434,-0.5430865664757827,-0.9850986623308546,0.9768041868743583,-1.3831734735859802,1.0981466579311385,0.3197842956369743,-1.0091283558698296,1.1357650951468765,-1.3489056633874323,0.6423791714260616,0.8632861710072894,-0.9892199557175854,1.302222173553122,-1.2926876126723517,-0.357623776624256,1.059112971584439,-1.0723969708075625,1.2393368608142517,-1.1549149793511435,-0.8692907695606841,0.9899272371612485,-1.2429085542907794,1.1662428818759354,-0.21738827985172335,-1.0147079982913592,1.0395920890901458,-1.3612802945586675,1.0119381458399679,0.60115843459121,-0.9426460588538078,1.262169901336629,-1.3304749086282763,0.22470566621006863,0.9814231033147722,-0.9916606122256121,1.2932876265548434,-1.2747018275433657,-0.5828479874085886,1.012748401309108,-1.127724880171325,1.2394924024064256,-0.8946039466520656,-0.9202895063363209,0.9814789494880187,-1.3590207546396902,1.144097130261745,0.06672205832994545,-1.0369393399664273,1.075202176156962,-1.35511002805487,0.8384080791623597,0.7779261009091051,-0.9747547759454326,1.3039321040822667,-1.314382484275898,-0.06699508452471518,1.0154477397066515,-1.0275557204763393,1.2580573128135166,-1.2068611722705773,-0.7883870623653811,0.9955678854989443,-1.1774817436874199,1.2008157031015125,-0.5355521560119931,-0.9851688917207747,0.984868353780692,-1.3809705987626775,1.1606827799093047,0.4873668216029055,-1.003984728391424,1.149106761515283,-1.3418759914814182,0.49477135025346775,0.8733102669926203,-0.9597228467092906,1.297209698945787,-1.3377957761676291,-0.4047517595940068,1.0992364729088548,-1.0672408866596195,1.2646822738602812,-0.9926825552440761,-0.8263518399481797,0.9722035538870858,-1.277884296597347,1.1961157729761462,-0.1636660439972684,-1.0235255542955803,1.0533144535661294,-1.3642756278122599,0.9967517350147311
-0.24110384557293077,-0.5759557094344265,0.819116240315167,-0.930485999449319,1.1110930404928896,0.21178953025991565,-0.749307287250061,0.913293157317622,-1.0199275260000102,0.4511896458531022,0.4417403576736055,-0.8252681048722621,0.974156186053738,-1.1450980935193622,-0.1376025216794121,0.627736720957142,-0.8516463261704552,1.0895766423097821,-0.7516797359576554,-0.45477193404166427,0.7426745937839087,-0.9183146965301813,1.1828395627986834,-0.05003830508659303,-0.6329482616111447,0.8542471574186105,-0.97153185432887,0.8582577430510409,0.313207877181958,-0.7987005779196845,0.9174081897860902,-1.0665396218977792,0.23387175279912384,0.5080449186268463,-0.8583135267814997,0.9811660902158289,-1.115363822071146,-0.27587163373209495,0.6914624903581862,-0.8539945733189437,1.1407061871895188,-0.3562667995559744,-0.4934030112278894,0.8183993527293153,-0.8876059292113633,1.2570485177962214,0.15644660104445438,-0.7108612233797614,0.8704905180944535,-1.033017960097753,0.593703242268089,0.37181210238263485,-0.8361514365301584,0.9348552315096068,-1.1115902778392148,0.04865030184080711,0.6159765528909629,-0.8276151143510816,1.0782863584047298,-0.8873458417509974,-0.39168690320891625,0.7086220403394053,-0.9131172080581432,1.1491777930984515,-0.2439128596974295,-0.6263407138884387,0.8105379037892442,-0.93608543955133,1.1470157297480637,0.2871906877423292,-0.7456200251563395,0.9197397600296116,-1.0153755136798048,0.3719493375459581,0.4380401254812683,-0.8456315798419608,0.9409461480002028,-1.222160109271278,-0.22634340553597318,0.6222408538603587,-0.864606626980152,1.0849203451692955,-0.5463144441693304,-0.43139313259416706,0.7983111119275553,-0.8708182966311454,1.2888578552851824,0.014560923792250761,-0.6842102053647239,0.8277751372430675,-1.031662143805086,0.7085337762993084,0.2765101996871642,-0.8155410091918244,0.9317564154737343,-1.0739260210533157,0.21351380627982666,0.5712166286755037,-0.803682741387818,1.038466913666621,-0.8924340213275024,-0.27070800424476604,0.7195916082510327,-0.8615421574559939,1.113990072292634,-0.4242647452478077,-0.5710771065934275,0.7893411776846984,-0.9233240085761375,1.1926487008469238,0.19166681139743263,-0.7045958292451768,0.8863656821818768,-0.9993249865662865,0.55459384292333,0.4031051375186078,-0.8320159103599386,0.942491430924134,-1.1128032207603997,-0.06508031238715484,0.6059489417201886,-0.8221689864172705,1.0950548770631616,-0.863725488834101,-0.3455412002943675,0.778502736920582,-0.8568492362563357,1.256955051875332,-0.1417192234796464,-0.614978162904625,0.8532567092575117,-0.9364436900543142,1.0038606463386157,0.312338544421456,-0.7330908996637565,0.9360087089715857,-1.0122237963513603,0.40687076669187977,0.5485940677445039,-0.799975871434827,0.9878156869193604,-1.0958048680434629,-0.2247250862137288,0.6592370475595949,-0.8584116641373025,1.133974243210581,-0.6069141075012366,-0.4868522735340782,0.7790761026963395,-0.8844114180367217,1.2793903780250206,0.11604542002995544,-0.6440585877183215,0.878607326371074,-0.9546324771078675,0.8701140732443123,0.3645682646583627,-0.8124255371495639,0.9189190870283783,-1.1327195302880844,0.015499546841289957,0.5054677165841531,-0.8707811549693185,1.041396414295682,-0.8591305216024562,-0.2612869208972524,0.7589372262093277,-0.8423238699568144,1.2584959885746683,-0.13791444100677927,-0.5357456813974641,0.8117498516529272,-0.9358195263991093,1.065137274021072,0.14473857311423327,-0.7582203150780813,0.8964563744860082,-1.030607782174083,0.5260156959000744,0.47187729998249184,-0.7810533863263137,0.9896290947762675,-1.0278866650717198,-0.03826660585492208,0.633886529113057,-0.8446308315296869,1.0626897429163924,-1.0877762124197405,-0.4617035857304429,0.7214808966979336,-0.9173359343747269,1.2010599616507105
-0.9071628309654747,-1.0151085343085775,1.1937683971549653,-2.1942234107286716,2.4843336921595114,0.30274150067278105,-1.1014282448670618,1.5676163221233246,-2.534196127573505,0.9827977088845243,0.8726919919999896,-1.1800379162002017,2.2198537746783313,-2.7688978198403853,-0.12050314031780068,1.002416338686946,-1.3853808799213645,2.4954694730474745,-1.9452340284689476,-0.7932695039009089,1.0771870147844664,-1.87669162651572,2.6962275990844637,-0.3110439697140968,-1.0860465498158987,1.3006802910844872,-2.325591156242261,2.0186370634781787,0.593891305956632,-1.1340415297838355,1.7436010257044785,-2.7025594428558732,0.43800678146168065,0.9843177506607564,-1.2644993079413214,2.332225497520736,-2.397843172737358,-0.3139228935572115,0.9830286492420381,-1.5774309116828873,2.6454236599312884,-0.9419846898114788,-0.881913933370515,1.1114159020718184,-2.1494169798979814,2.692354237582674,0.14671935123858176,-1.1027335954790796,1.4403848288266334,-2.403007739635907,1.483433408746844,0.7135192181783621,-1.1683064068567328,1.995472398138572,-2.778361707087262,0.007377981921125541,0.971685067249231,-1.342075327236662,2.3090010930517475,-2.210982782974516,-0.6619761158601936,1.0271207764940804,-1.7204333751605092,2.7147501018408584,-0.5960992327239619,-1.074595077782944,1.2149395726929573,-2.300151011273029,2.1976400458769323,0.2700875202341012,-1.130136828975445,1.5749198623655039,-2.674313561167335,0.833155253443217,0.9318558845359528,-1.1972839156447121,2.2777907210107875,-2.596471650617784,-0.1607535959110599,0.9705932000585988,-1.4635254125161012,2.43173769383867,-1.4058429411950404,-0.7787861372625634,1.040700244881824,-2.0408108715011655,2.6431475240255224,-0.12075713490866438,-1.0897375020061468,1.3230934326828783,-2.2108999127531668,2.176588609669826,0.748218923902345,-1.129777609003981,1.7838939224658794,-2.7071768159223413,0.3457644225694377,0.9628623582244732,-1.2980126225664441,2.1567124510188473,-2.5689220791213536,-0.5823836886571375,0.9768041868743583,-1.6266014211133073,2.6666446797191665,-0.8501686789956487,-0.9653232309421896,1.1357650951468765,-2.16532761343359,2.6523914802828217,0.23644143537142323,-1.1051195307631365,1.4586452574634072,-2.5313298117868492,1.2156746279395971,0.7652287407893442,-1.1700062498984156,2.0608393295799257,-2.721472398926806,0.02916310056286812,0.9899272371612485,-1.3346171789021428,2.4195832090341662,-2.1394467996780073,-0.6908874219179899,1.0395920890901458,-1.7829171973949631,2.705067791392037,-0.4596389094067442,-1.058811938835792,1.262169901336629,-2.2402781232129674,2.1972499197000617,0.4863653844567126,-1.1152248996445517,1.6434368096408742,-2.6630047474265726,0.6730822467552071,0.9620211517392059,-1.2328656020005115,2.1601480344271233,-2.6419705072043818,-0.25916996963832994,0.9814789494880187,-1.4601395182973558,2.55877059566189,-1.4576203512080441,-0.8918516509235908,1.075202176156962,-2.056220545074909,2.707751369958659,-0.07083853692415748,-1.1193835757106065,1.314198564233916,-2.492616975207879,1.7500102508548097,0.70693280279669,-1.1432809225417768,1.8901639564179948,-2.666433888945534,0.220302547800355,0.9955678854989443,-1.2848976180771698,2.276391411120596,-2.5069833093316656,-0.631500843118425,0.984868353780692,-1.691403235620835,2.4037256400316327,-0.9467359747307501,-1.062188839984365,1.149106761515283,-2.1618991125242633,2.752875348787328,0.4096737345245559,-1.0915039700574578,1.5415906477830246,-2.422478964261119,1.202171039474579,0.8466632993930465,-1.1833220411315468,2.029193439326716,-3.023959692299113,-0.2393214214818636,0.9722035538870858,-1.3789056299957174,2.467587353545563,-1.8837100263854045,-0.7298042971141322,1.0533144535661294,-1.8462541473903655,2.6083350267193355
-1.925545209134931,1.8364792793827405,-1.4989506902513945,1.1457811699272509,0.6156959800070951,-1.9353677459425382,1.7300519934978469,-1.368145220452987,0.8481534362282164,1.724340166234088,-1.850994012890254,1.598873302108992,-1.1352610148855984,-0.012087273243681931,1.9770209733731994,-1.7498199029956965,1.3918599411053483,-0.9226656626119643,-1.6525537584792223,1.7961920119454082,-1.6285623178086819,1.259460522420698,-0.28205316624700005,-2.1586121575267656,1.7226842121012464,-1.5221972393882415,1.00732770225256,1.0655375214912808,-1.916893671878133,1.6680191265585083,-1.3340077084846642,0.4742986074531404,1.9444916441496962,-1.7458196060241287,1.5773607850669347,-1.019276550860543,-0.47210766977158347,2.0528654675650375,-1.6100973182405127,1.439500195983467,-0.6028356870647195,-1.6929971994028927,1.9114971765146975,-1.4980349602320657,1.2283408805124398,0.16022339945425446,-1.968957481538758,1.806286715145295,-1.3868132275145453,0.914559510493687,1.4928585164425934,-1.8851308095760635,1.6050766304580286,-1.2485678994703429,0.19497514508803687,2.0550175960007966,-1.797417986230383,1.4141668188933472,-1.0815492163283427,-1.306836933892605,1.8514249968009706,-1.6692006754441966,1.2689819727508762,-0.5656416812633681,-2.0651288787715703,1.7599545762558375,-1.5720123698070814,1.0297737667534719,0.506538983184888,-2.05487431291565,1.6818376835065496,-1.3908362221727073,0.689817777030814,1.7961126602616697,-1.7950173810728962,1.6116200181907627,-1.0934996561918628,-0.10423590622809861,2.081012397340443,-1.6731934803598325,1.430760601204691,-0.8668234397668323,-1.5646688591237043,1.9076573408873825,-1.596264717759308,1.2647102333919509,-0.09605645420556737,-1.8352238009736552,1.8918919087455428,-1.4048982669750527,1.130957382031004,1.3336409956699804,-1.7325447306425878,1.7274615930885056,-1.2583015333678202,0.5218992285620659,2.069582800413332,-1.7506830536505293,1.547862811893024,-1.0898068509714873,-0.7538342158700266,2.0191978832935513,-1.6263644967789541,1.4215398348810484,-0.6010595323392255,-1.77381576423193,1.8553832447905656,-1.5426117889105975,1.2210864112791424,0.37106572289216416,-1.9245233111627476,1.7939467103422522,-1.407330855546497,0.8462743700090355,1.6053060403374528,-1.8542533039756053,1.6322541729561573,-1.229485159289313,0.11854460043294342,2.050998453050694,-1.76810173786603,1.4292427444998737,-0.9920479913113447,-1.3680804256793662,1.8510105128510028,-1.6728779817204515,1.2628344661843143,-0.47544012349009673,-2.076396307186758,1.8156927327184096,-1.4921363314476672,1.0922594942545525,0.7789906014407566,-1.9154211904398117,1.7168380582969527,-1.3550126428039835,0.635983840692558,1.7624261559713994,-1.798386679022967,1.5950572609913982,-1.1412582922561432,-0.23118469233448496,2.071970850516939,-1.6399395105369425,1.4188968300684368,-0.784312852984964,-1.5769501862981394,1.8692649834989765,-1.590667289141147,1.2337323270449454,-0.04531342015205614,-1.9838034851905626,1.8203186577186028,-1.4335461634968416,1.0090916744454344,1.3534651125146528,-1.7273370912546375,1.7342707365084358,-1.2611353000112364,0.4242549513442644,2.0941803456911217,-1.7647759472194469,1.5171020000501874,-1.0926022934532509,-0.9430212089777614,1.9372460362039023,-1.6907488029005144,1.317641828578536,-0.7439577554912457,-1.8908795727508465,1.8593100747478917,-1.5073963512103683,1.243877515601164,0.6329828880947643,-1.8884022414587331,1.813043928854764,-1.3642638499665078,0.9042003195294521,1.6321451357626058,-1.8863775996902012,1.5829137720391049,-1.2731531145204773,-0.11257980955298551,2.041781980507755,-1.7429671855406792,1.448268869476993,-0.9723375222806908,-1.4599011124556354,1.8368253801256225,-1.6841242763352249,1.2247043036856435,-0.554356321605624
